java.lang.Class	<java.lang.Class: java.lang.String getSimpleName()>/java.lang.Class.getSimpleName/0	<java.lang.Class: java.lang.String getSimpleName()>/$r4
java.lang.Class	<java.lang.Class: java.lang.String getCanonicalName()>/java.lang.Class.getCanonicalName/0	<java.lang.Class: java.lang.String getCanonicalName()>/$r7
java.lang.Class	<java.lang.Class: java.lang.String getCanonicalName()>/java.lang.Class.getCanonicalName/1	<java.lang.Class: java.lang.String getCanonicalName()>/l1#2#_1392
java.lang.invoke.MethodType	<java.lang.invoke.MethodType: int hashCode()>/java.lang.Object.hashCode/0	<java.lang.invoke.MethodType: int hashCode()>/$r0
java.lang.invoke.MethodType	<java.lang.invoke.MethodType: int hashCode()>/java.lang.Object.hashCode/1	<java.lang.invoke.MethodType: int hashCode()>/l5#_778
java.lang.ThreadGroup	<java.lang.ThreadGroup: void uncaughtException(java.lang.Thread,java.lang.Throwable)>/java.lang.ThreadGroup.uncaughtException/0	<java.lang.ThreadGroup: void uncaughtException(java.lang.Thread,java.lang.Throwable)>/$r9
java.lang.ThreadGroup	<java.lang.ThreadGroup: void uncaughtException(java.lang.Thread,java.lang.Throwable)>/java.lang.Thread$UncaughtExceptionHandler.uncaughtException/0	<java.lang.ThreadGroup: void uncaughtException(java.lang.Thread,java.lang.Throwable)>/l3#_1055
java.lang.ClassLoader	<java.lang.ClassLoader: java.lang.Class loadClass(java.lang.String,boolean)>/java.lang.ClassLoader.loadClass/0	<java.lang.ClassLoader: java.lang.Class loadClass(java.lang.String,boolean)>/$r6
java.lang.ClassLoader	<java.lang.ClassLoader: java.net.URL getResource(java.lang.String)>/java.lang.ClassLoader.getResource/0	<java.lang.ClassLoader: java.net.URL getResource(java.lang.String)>/$r1
java.lang.ClassLoader	<java.lang.ClassLoader: java.util.Enumeration getResources(java.lang.String)>/java.lang.ClassLoader.getResources/0	<java.lang.ClassLoader: java.util.Enumeration getResources(java.lang.String)>/$r5
java.lang.ClassLoader	<java.lang.ClassLoader: java.lang.Package getPackage(java.lang.String)>/java.lang.ClassLoader.getPackage/0	<java.lang.ClassLoader: java.lang.Package getPackage(java.lang.String)>/$r9
java.lang.ClassLoader	<java.util.ResourceBundle$RBClassLoader: java.lang.Class loadClass(java.lang.String)>/java.lang.ClassLoader.loadClass/0	<java.util.ResourceBundle$RBClassLoader: java.lang.Class loadClass(java.lang.String)>/$r2
java.lang.ClassLoader	<java.util.ResourceBundle$RBClassLoader: java.net.URL getResource(java.lang.String)>/java.lang.ClassLoader.getResource/0	<java.util.ResourceBundle$RBClassLoader: java.net.URL getResource(java.lang.String)>/$r2
java.lang.ClassLoader	<java.util.ResourceBundle$RBClassLoader: java.io.InputStream getResourceAsStream(java.lang.String)>/java.lang.ClassLoader.getResourceAsStream/0	<java.util.ResourceBundle$RBClassLoader: java.io.InputStream getResourceAsStream(java.lang.String)>/$r2
org.codehaus.jettison.json.JSONObject	<org.codehaus.jettison.json.JSONObject: java.lang.String toString()>/java.lang.Object.toString/0	<org.codehaus.jettison.json.JSONObject: java.lang.String toString()>/o#_1152
sun.misc.URLClassPath$JarLoader	<sun.misc.URLClassPath$JarLoader: sun.misc.Resource getResource(java.lang.String,boolean,java.util.Set)>/sun.misc.URLClassPath$JarLoader.getResource/0	<sun.misc.URLClassPath$JarLoader: sun.misc.Resource getResource(java.lang.String,boolean,java.util.Set)>/l10_$$A_4#_1111
sun.util.resources.ParallelListResourceBundle	<java.util.ResourceBundle: java.lang.Object getObject(java.lang.String)>/java.util.ResourceBundle.getObject/0	<java.util.ResourceBundle: java.lang.Object getObject(java.lang.String)>/$r12
java.util.IdentityHashMap$EntrySet	<java.util.AbstractSet: int hashCode()>/java.lang.Object.hashCode/0	<java.util.AbstractSet: int hashCode()>/l3#_124
java.util.TreeMap$EntrySet	<java.util.AbstractSet: int hashCode()>/java.lang.Object.hashCode/0	<java.util.AbstractSet: int hashCode()>/l3#_124
java.util.HashMap$KeySet	<java.util.AbstractSet: int hashCode()>/java.lang.Object.hashCode/0	<java.util.AbstractSet: int hashCode()>/l3#_124
java.lang.invoke.TypeConvertingMethodAdapter	<jdk.internal.org.objectweb.asm.MethodVisitor: void visitCode()>/jdk.internal.org.objectweb.asm.MethodVisitor.visitCode/0	<jdk.internal.org.objectweb.asm.MethodVisitor: void visitCode()>/$r1
java.lang.invoke.TypeConvertingMethodAdapter	<jdk.internal.org.objectweb.asm.MethodVisitor: void visitInsn(int)>/jdk.internal.org.objectweb.asm.MethodVisitor.visitInsn/0	<jdk.internal.org.objectweb.asm.MethodVisitor: void visitInsn(int)>/$r1
java.lang.invoke.TypeConvertingMethodAdapter	<jdk.internal.org.objectweb.asm.MethodVisitor: void visitVarInsn(int,int)>/jdk.internal.org.objectweb.asm.MethodVisitor.visitVarInsn/0	<jdk.internal.org.objectweb.asm.MethodVisitor: void visitVarInsn(int,int)>/$r1
java.lang.invoke.TypeConvertingMethodAdapter	<jdk.internal.org.objectweb.asm.MethodVisitor: void visitTypeInsn(int,java.lang.String)>/jdk.internal.org.objectweb.asm.MethodVisitor.visitTypeInsn/0	<jdk.internal.org.objectweb.asm.MethodVisitor: void visitTypeInsn(int,java.lang.String)>/$r1
java.lang.invoke.TypeConvertingMethodAdapter	<jdk.internal.org.objectweb.asm.MethodVisitor: void visitFieldInsn(int,java.lang.String,java.lang.String,java.lang.String)>/jdk.internal.org.objectweb.asm.MethodVisitor.visitFieldInsn/0	<jdk.internal.org.objectweb.asm.MethodVisitor: void visitFieldInsn(int,java.lang.String,java.lang.String,java.lang.String)>/$r1
java.lang.invoke.TypeConvertingMethodAdapter	<jdk.internal.org.objectweb.asm.MethodVisitor: void visitMethodInsn(int,java.lang.String,java.lang.String,java.lang.String)>/jdk.internal.org.objectweb.asm.MethodVisitor.visitMethodInsn/1	<jdk.internal.org.objectweb.asm.MethodVisitor: void visitMethodInsn(int,java.lang.String,java.lang.String,java.lang.String)>/$r1
java.lang.invoke.TypeConvertingMethodAdapter	<jdk.internal.org.objectweb.asm.MethodVisitor: void visitMethodInsn(int,java.lang.String,java.lang.String,java.lang.String,boolean)>/jdk.internal.org.objectweb.asm.MethodVisitor.visitMethodInsn/1	<jdk.internal.org.objectweb.asm.MethodVisitor: void visitMethodInsn(int,java.lang.String,java.lang.String,java.lang.String,boolean)>/$r1
java.lang.invoke.TypeConvertingMethodAdapter	<jdk.internal.org.objectweb.asm.MethodVisitor: void visitLdcInsn(java.lang.Object)>/jdk.internal.org.objectweb.asm.MethodVisitor.visitLdcInsn/0	<jdk.internal.org.objectweb.asm.MethodVisitor: void visitLdcInsn(java.lang.Object)>/$r1
java.lang.invoke.TypeConvertingMethodAdapter	<jdk.internal.org.objectweb.asm.MethodVisitor: void visitMaxs(int,int)>/jdk.internal.org.objectweb.asm.MethodVisitor.visitMaxs/0	<jdk.internal.org.objectweb.asm.MethodVisitor: void visitMaxs(int,int)>/$r1
java.lang.invoke.TypeConvertingMethodAdapter	<jdk.internal.org.objectweb.asm.MethodVisitor: void visitEnd()>/jdk.internal.org.objectweb.asm.MethodVisitor.visitEnd/0	<jdk.internal.org.objectweb.asm.MethodVisitor: void visitEnd()>/$r1
java.util.Collections$UnmodifiableSortedSet	<java.util.Collections$UnmodifiableCollection: int size()>/java.util.Collection.size/0	<java.util.Collections$UnmodifiableCollection: int size()>/$r0
java.util.Collections$UnmodifiableSortedSet	<java.util.Collections$UnmodifiableCollection: boolean isEmpty()>/java.util.Collection.isEmpty/0	<java.util.Collections$UnmodifiableCollection: boolean isEmpty()>/$r0
java.util.Collections$UnmodifiableSortedSet	<java.util.Collections$UnmodifiableCollection: boolean contains(java.lang.Object)>/java.util.Collection.contains/0	<java.util.Collections$UnmodifiableCollection: boolean contains(java.lang.Object)>/$r0
java.util.Collections$UnmodifiableSortedSet	<java.util.Collections$UnmodifiableCollection: java.lang.Object[] toArray()>/java.util.Collection.toArray/0	<java.util.Collections$UnmodifiableCollection: java.lang.Object[] toArray()>/$r0
java.util.Collections$UnmodifiableSortedSet	<java.util.Collections$UnmodifiableCollection: java.lang.Object[] toArray(java.lang.Object[])>/java.util.Collection.toArray/0	<java.util.Collections$UnmodifiableCollection: java.lang.Object[] toArray(java.lang.Object[])>/$r0
java.util.Hashtable	<java.util.Properties: java.lang.String getProperty(java.lang.String)>/java.util.Properties.getProperty/0	<java.util.Properties: java.lang.String getProperty(java.lang.String)>/$r1
java.util.Hashtable	<java.security.Provider: java.util.Set entrySet()>/java.util.Map.entrySet/0	<java.security.Provider: java.util.Set entrySet()>/$r4
java.util.Hashtable	<java.util.Hashtable: java.lang.String toString()>/java.lang.Object.toString/0	<java.util.Hashtable: java.lang.String toString()>/l6#_584
java.util.Hashtable	<java.util.Hashtable: java.lang.String toString()>/java.lang.Object.toString/1	<java.util.Hashtable: java.lang.String toString()>/l7#_585
java.util.Hashtable	<java.util.Hashtable: boolean equals(java.lang.Object)>/java.lang.Object.equals/0	<java.util.Hashtable: boolean equals(java.lang.Object)>/l6#_808
java.util.concurrent.ConcurrentHashMap$ForwardingNode	<java.util.concurrent.ConcurrentHashMap$ForwardingNode: java.util.concurrent.ConcurrentHashMap$Node find(int,java.lang.Object)>/java.util.concurrent.ConcurrentHashMap$Node.find/0	<java.util.concurrent.ConcurrentHashMap$ForwardingNode: java.util.concurrent.ConcurrentHashMap$Node find(int,java.lang.Object)>/l4_$$A_2#_2177
java.util.Vector	<java.util.AbstractList: boolean equals(java.lang.Object)>/java.lang.Object.equals/0	<java.util.AbstractList: boolean equals(java.lang.Object)>/l4#_521
java.util.Vector	<java.util.AbstractList: int hashCode()>/java.lang.Object.hashCode/0	<java.util.AbstractList: int hashCode()>/l3#_542
java.util.TreeMap$NavigableSubMap$EntrySetView	<java.util.AbstractSet: int hashCode()>/java.lang.Object.hashCode/0	<java.util.AbstractSet: int hashCode()>/l3#_124
java.util.Collections$SingletonMap	<java.util.AbstractMap: boolean equals(java.lang.Object)>/java.lang.Object.equals/0	<java.util.AbstractMap: boolean equals(java.lang.Object)>/l6#_490
java.util.Collections$UnmodifiableList$1	<java.util.Collections$UnmodifiableList$1: boolean hasNext()>/java.util.ListIterator.hasNext/0	<java.util.Collections$UnmodifiableList$1: boolean hasNext()>/$r0
java.util.Collections$UnmodifiableList$1	<java.util.Collections$UnmodifiableList$1: java.lang.Object next()>/java.util.ListIterator.next/0	<java.util.Collections$UnmodifiableList$1: java.lang.Object next()>/$r0
java.util.ResourceBundle	<java.util.ResourceBundle: java.lang.Object getObject(java.lang.String)>/java.util.ResourceBundle.getObject/0	<java.util.ResourceBundle: java.lang.Object getObject(java.lang.String)>/$r12
java.util.jar.Attributes	<java.util.jar.Attributes: java.lang.Object get(java.lang.Object)>/java.util.Map.get/0	<java.util.jar.Attributes: java.lang.Object get(java.lang.Object)>/$r0
java.util.jar.Attributes	<java.util.jar.Attributes: java.lang.Object put(java.lang.Object,java.lang.Object)>/java.util.Map.put/0	<java.util.jar.Attributes: java.lang.Object put(java.lang.Object,java.lang.Object)>/$r2
java.util.jar.Attributes	<java.util.jar.Attributes: boolean containsKey(java.lang.Object)>/java.util.Map.containsKey/0	<java.util.jar.Attributes: boolean containsKey(java.lang.Object)>/$r0
java.util.jar.Attributes	<java.util.jar.Attributes: int size()>/java.util.Map.size/0	<java.util.jar.Attributes: int size()>/$r0
java.util.jar.Attributes	<java.util.jar.Attributes: java.util.Set entrySet()>/java.util.Map.entrySet/0	<java.util.jar.Attributes: java.util.Set entrySet()>/$r0
java.util.jar.Attributes	<java.util.jar.Attributes: boolean equals(java.lang.Object)>/java.util.Map.equals/0	<java.util.jar.Attributes: boolean equals(java.lang.Object)>/$r0
java.util.jar.Attributes	<java.util.jar.Attributes: int hashCode()>/java.util.Map.hashCode/0	<java.util.jar.Attributes: int hashCode()>/$r0
sun.security.pkcs.PKCS9Attribute	<sun.security.pkcs.PKCS9Attribute: java.lang.String toString()>/java.lang.Object.toString/0	<sun.security.pkcs.PKCS9Attribute: java.lang.String toString()>/$r10
sun.security.pkcs.PKCS9Attribute	<sun.security.pkcs.PKCS9Attribute: java.lang.String toString()>/java.lang.Object.toString/1	<sun.security.pkcs.PKCS9Attribute: java.lang.String toString()>/$r26
java.util.EnumMap	<java.util.AbstractMap: boolean equals(java.lang.Object)>/java.lang.Object.equals/0	<java.util.AbstractMap: boolean equals(java.lang.Object)>/l6#_490
java.util.HashMap	<java.util.AbstractMap: boolean equals(java.lang.Object)>/java.lang.Object.equals/0	<java.util.AbstractMap: boolean equals(java.lang.Object)>/l6#_490
java.util.Collections$UnmodifiableSortedMap	<java.util.Collections$UnmodifiableMap: java.lang.Object get(java.lang.Object)>/java.util.Map.get/0	<java.util.Collections$UnmodifiableMap: java.lang.Object get(java.lang.Object)>/$r0
java.util.Collections$UnmodifiableSortedMap	<java.util.Collections$UnmodifiableMap: java.util.Set keySet()>/java.util.Map.keySet/0	<java.util.Collections$UnmodifiableMap: java.util.Set keySet()>/$r2
java.util.Collections$UnmodifiableSortedMap	<java.util.Collections$UnmodifiableMap: java.util.Set entrySet()>/java.util.Map.entrySet/0	<java.util.Collections$UnmodifiableMap: java.util.Set entrySet()>/$r3
java.util.Collections$SynchronizedMap	<java.util.Collections$SynchronizedMap: java.lang.Object get(java.lang.Object)>/java.util.Map.get/0	<java.util.Collections$SynchronizedMap: java.lang.Object get(java.lang.Object)>/$r1
java.util.Collections$SynchronizedMap	<java.util.Collections$SynchronizedMap: java.lang.Object put(java.lang.Object,java.lang.Object)>/java.util.Map.put/0	<java.util.Collections$SynchronizedMap: java.lang.Object put(java.lang.Object,java.lang.Object)>/$r1
java.util.Collections$SynchronizedMap	<java.util.Collections$SynchronizedMap: java.util.Collection values()>/java.util.Map.values/0	<java.util.Collections$SynchronizedMap: java.util.Collection values()>/$r4
java.util.Collections$SynchronizedMap	<java.util.Collections$SynchronizedMap: java.lang.String toString()>/java.lang.Object.toString/0	<java.util.Collections$SynchronizedMap: java.lang.String toString()>/$r1
java.util.Properties	<java.util.Properties: java.lang.String getProperty(java.lang.String)>/java.util.Properties.getProperty/0	<java.util.Properties: java.lang.String getProperty(java.lang.String)>/$r1
java.util.Properties	<java.security.Provider: java.util.Set entrySet()>/java.util.Map.entrySet/0	<java.security.Provider: java.util.Set entrySet()>/$r4
java.util.Properties	<java.util.Hashtable: java.lang.String toString()>/java.lang.Object.toString/0	<java.util.Hashtable: java.lang.String toString()>/l6#_584
java.util.Properties	<java.util.Hashtable: java.lang.String toString()>/java.lang.Object.toString/1	<java.util.Hashtable: java.lang.String toString()>/l7#_585
java.util.Properties	<java.util.Hashtable: boolean equals(java.lang.Object)>/java.lang.Object.equals/0	<java.util.Hashtable: boolean equals(java.lang.Object)>/l6#_808
sun.util.PreHashedMap$2	<java.util.AbstractSet: int hashCode()>/java.lang.Object.hashCode/0	<java.util.AbstractSet: int hashCode()>/l3#_124
java.util.TreeMap$SubMap	<java.util.AbstractMap: boolean equals(java.lang.Object)>/java.lang.Object.equals/0	<java.util.AbstractMap: boolean equals(java.lang.Object)>/l6#_490
java.util.Collections$UnmodifiableNavigableSet	<java.util.Collections$UnmodifiableCollection: int size()>/java.util.Collection.size/0	<java.util.Collections$UnmodifiableCollection: int size()>/$r0
java.util.Collections$UnmodifiableNavigableSet	<java.util.Collections$UnmodifiableCollection: boolean isEmpty()>/java.util.Collection.isEmpty/0	<java.util.Collections$UnmodifiableCollection: boolean isEmpty()>/$r0
java.util.Collections$UnmodifiableNavigableSet	<java.util.Collections$UnmodifiableCollection: boolean contains(java.lang.Object)>/java.util.Collection.contains/0	<java.util.Collections$UnmodifiableCollection: boolean contains(java.lang.Object)>/$r0
java.util.Collections$UnmodifiableNavigableSet	<java.util.Collections$UnmodifiableCollection: java.lang.Object[] toArray()>/java.util.Collection.toArray/0	<java.util.Collections$UnmodifiableCollection: java.lang.Object[] toArray()>/$r0
java.util.Collections$UnmodifiableNavigableSet	<java.util.Collections$UnmodifiableCollection: java.lang.Object[] toArray(java.lang.Object[])>/java.util.Collection.toArray/0	<java.util.Collections$UnmodifiableCollection: java.lang.Object[] toArray(java.lang.Object[])>/$r0
java.security.Provider$Service	<java.security.Provider$Service: java.lang.String toString()>/java.lang.Object.toString/0	<java.security.Provider$Service: java.lang.String toString()>/$r3
java.security.Provider$Service	<java.security.Provider$Service: java.lang.String toString()>/java.lang.Object.toString/1	<java.security.Provider$Service: java.lang.String toString()>/$r9
java.util.Collections$UnmodifiableCollection	<java.util.Collections$UnmodifiableCollection: int size()>/java.util.Collection.size/0	<java.util.Collections$UnmodifiableCollection: int size()>/$r0
java.util.Collections$UnmodifiableCollection	<java.util.Collections$UnmodifiableCollection: boolean isEmpty()>/java.util.Collection.isEmpty/0	<java.util.Collections$UnmodifiableCollection: boolean isEmpty()>/$r0
java.util.Collections$UnmodifiableCollection	<java.util.Collections$UnmodifiableCollection: boolean contains(java.lang.Object)>/java.util.Collection.contains/0	<java.util.Collections$UnmodifiableCollection: boolean contains(java.lang.Object)>/$r0
java.util.Collections$UnmodifiableCollection	<java.util.Collections$UnmodifiableCollection: java.lang.Object[] toArray()>/java.util.Collection.toArray/0	<java.util.Collections$UnmodifiableCollection: java.lang.Object[] toArray()>/$r0
java.util.Collections$UnmodifiableCollection	<java.util.Collections$UnmodifiableCollection: java.lang.Object[] toArray(java.lang.Object[])>/java.util.Collection.toArray/0	<java.util.Collections$UnmodifiableCollection: java.lang.Object[] toArray(java.lang.Object[])>/$r0
java.util.Collections$UnmodifiableCollection	<java.util.Collections$UnmodifiableList: boolean equals(java.lang.Object)>/java.util.List.equals/0	<java.util.Collections$UnmodifiableList: boolean equals(java.lang.Object)>/$r0
java.util.Collections$UnmodifiableCollection	<java.util.Collections$UnmodifiableList: java.lang.Object get(int)>/java.util.List.get/0	<java.util.Collections$UnmodifiableList: java.lang.Object get(int)>/$r0
java.util.Collections$UnmodifiableCollection	<java.util.Collections$UnmodifiableList: java.util.List subList(int,int)>/java.util.List.subList/0	<java.util.Collections$UnmodifiableList: java.util.List subList(int,int)>/$r1
java.util.Collections$UnmodifiableCollection	<java.util.Collections$UnmodifiableMap$UnmodifiableEntrySet: java.lang.Object[] toArray()>/java.util.Collection.toArray/0	<java.util.Collections$UnmodifiableMap$UnmodifiableEntrySet: java.lang.Object[] toArray()>/$r0
java.util.Collections$UnmodifiableCollection	<java.util.Collections$UnmodifiableMap$UnmodifiableEntrySet: java.lang.Object[] toArray(java.lang.Object[])>/java.util.Collection.toArray/0	<java.util.Collections$UnmodifiableMap$UnmodifiableEntrySet: java.lang.Object[] toArray(java.lang.Object[])>/$r0
java.util.Collections$UnmodifiableCollection	<java.util.Collections$UnmodifiableMap$UnmodifiableEntrySet: boolean contains(java.lang.Object)>/java.util.Collection.contains/0	<java.util.Collections$UnmodifiableMap$UnmodifiableEntrySet: boolean contains(java.lang.Object)>/$r2
java.util.Collections$UnmodifiableCollection	<java.util.Collections$UnmodifiableRandomAccessList: java.util.List subList(int,int)>/java.util.List.subList/0	<java.util.Collections$UnmodifiableRandomAccessList: java.util.List subList(int,int)>/$r1
java.util.Collections$UnmodifiableCollection$1	<java.util.Collections$UnmodifiableCollection$1: boolean hasNext()>/java.util.Iterator.hasNext/0	<java.util.Collections$UnmodifiableCollection$1: boolean hasNext()>/$r0
java.util.Collections$UnmodifiableCollection$1	<java.util.Collections$UnmodifiableCollection$1: java.lang.Object next()>/java.util.Iterator.next/0	<java.util.Collections$UnmodifiableCollection$1: java.lang.Object next()>/$r0
java.util.regex.Pattern$Branch	<java.util.regex.Pattern$Node: boolean study(java.util.regex.Pattern$TreeInfo)>/java.util.regex.Pattern$Node.study/0	<java.util.regex.Pattern$Node: boolean study(java.util.regex.Pattern$TreeInfo)>/$r1
java.util.regex.Pattern$Branch	<java.util.regex.Pattern$Branch: boolean match(java.util.regex.Matcher,int,java.lang.CharSequence)>/java.util.regex.Pattern$Node.match/0	<java.util.regex.Pattern$Branch: boolean match(java.util.regex.Matcher,int,java.lang.CharSequence)>/$r5
java.util.regex.Pattern$Branch	<java.util.regex.Pattern$Branch: boolean match(java.util.regex.Matcher,int,java.lang.CharSequence)>/java.util.regex.Pattern$Node.match/1	<java.util.regex.Pattern$Branch: boolean match(java.util.regex.Matcher,int,java.lang.CharSequence)>/$r3
java.util.regex.Pattern$Branch	<java.util.regex.Pattern$Branch: boolean study(java.util.regex.Pattern$TreeInfo)>/java.util.regex.Pattern$Node.study/0	<java.util.regex.Pattern$Branch: boolean study(java.util.regex.Pattern$TreeInfo)>/$r5
java.util.regex.Pattern$Branch	<java.util.regex.Pattern$Branch: boolean study(java.util.regex.Pattern$TreeInfo)>/java.util.regex.Pattern$Node.study/1	<java.util.regex.Pattern$Branch: boolean study(java.util.regex.Pattern$TreeInfo)>/$r1
java.util.HashSet	<java.util.HashSet: java.util.Iterator iterator()>/java.util.Set.iterator/0	<java.util.HashSet: java.util.Iterator iterator()>/$r1
java.util.HashSet	<java.util.AbstractSet: int hashCode()>/java.lang.Object.hashCode/0	<java.util.AbstractSet: int hashCode()>/l3#_124
java.util.TreeSet	<java.util.TreeSet: java.util.Iterator iterator()>/java.util.NavigableSet.iterator/0	<java.util.TreeSet: java.util.Iterator iterator()>/$r1
java.util.TreeSet	<java.util.AbstractSet: int hashCode()>/java.lang.Object.hashCode/0	<java.util.AbstractSet: int hashCode()>/l3#_124
java.util.concurrent.ConcurrentHashMap	<java.util.concurrent.ConcurrentHashMap: int hashCode()>/java.lang.Object.hashCode/0	<java.util.concurrent.ConcurrentHashMap: int hashCode()>/$r3
java.util.concurrent.ConcurrentHashMap	<java.util.concurrent.ConcurrentHashMap: int hashCode()>/java.lang.Object.hashCode/1	<java.util.concurrent.ConcurrentHashMap: int hashCode()>/$r4
java.util.concurrent.ConcurrentHashMap	<java.util.concurrent.ConcurrentHashMap: boolean equals(java.lang.Object)>/java.lang.Object.equals/0	<java.util.concurrent.ConcurrentHashMap: boolean equals(java.lang.Object)>/l8_$$A_1#_1350
java.util.concurrent.ConcurrentHashMap	<java.util.concurrent.ConcurrentHashMap: boolean equals(java.lang.Object)>/java.lang.Object.equals/1	<java.util.concurrent.ConcurrentHashMap: boolean equals(java.lang.Object)>/l9#_1357
java.util.concurrent.ConcurrentHashMap	<java.util.AbstractMap: boolean equals(java.lang.Object)>/java.lang.Object.equals/0	<java.util.AbstractMap: boolean equals(java.lang.Object)>/l6#_490
java.util.Arrays$ArrayList	<java.util.AbstractList: boolean equals(java.lang.Object)>/java.lang.Object.equals/0	<java.util.AbstractList: boolean equals(java.lang.Object)>/l4#_521
java.util.Arrays$ArrayList	<java.util.AbstractList: int hashCode()>/java.lang.Object.hashCode/0	<java.util.AbstractList: int hashCode()>/l3#_542
javax.crypto.CryptoPermissions	<javax.crypto.CryptoPermissions: void add(java.security.Permission)>/java.security.PermissionCollection.add/0	<javax.crypto.CryptoPermissions: void add(java.security.Permission)>/l3#_147
javax.crypto.CryptoPermissions	<javax.crypto.CryptoPermissions: boolean implies(java.security.Permission)>/java.security.PermissionCollection.implies/0	<javax.crypto.CryptoPermissions: boolean implies(java.security.Permission)>/l3#_172
java.util.LinkedHashMap$LinkedKeySet	<java.util.AbstractSet: int hashCode()>/java.lang.Object.hashCode/0	<java.util.AbstractSet: int hashCode()>/l3#_124
java.util.WeakHashMap$EntrySet	<java.util.AbstractSet: int hashCode()>/java.lang.Object.hashCode/0	<java.util.AbstractSet: int hashCode()>/l3#_124
java.util.Collections$UnmodifiableList	<java.util.Collections$UnmodifiableCollection: int size()>/java.util.Collection.size/0	<java.util.Collections$UnmodifiableCollection: int size()>/$r0
java.util.Collections$UnmodifiableList	<java.util.Collections$UnmodifiableCollection: boolean isEmpty()>/java.util.Collection.isEmpty/0	<java.util.Collections$UnmodifiableCollection: boolean isEmpty()>/$r0
java.util.Collections$UnmodifiableList	<java.util.Collections$UnmodifiableCollection: boolean contains(java.lang.Object)>/java.util.Collection.contains/0	<java.util.Collections$UnmodifiableCollection: boolean contains(java.lang.Object)>/$r0
java.util.Collections$UnmodifiableList	<java.util.Collections$UnmodifiableCollection: java.lang.Object[] toArray()>/java.util.Collection.toArray/0	<java.util.Collections$UnmodifiableCollection: java.lang.Object[] toArray()>/$r0
java.util.Collections$UnmodifiableList	<java.util.Collections$UnmodifiableCollection: java.lang.Object[] toArray(java.lang.Object[])>/java.util.Collection.toArray/0	<java.util.Collections$UnmodifiableCollection: java.lang.Object[] toArray(java.lang.Object[])>/$r0
java.util.Collections$UnmodifiableList	<java.util.Collections$UnmodifiableList: boolean equals(java.lang.Object)>/java.util.List.equals/0	<java.util.Collections$UnmodifiableList: boolean equals(java.lang.Object)>/$r0
java.util.Collections$UnmodifiableList	<java.util.Collections$UnmodifiableList: java.lang.Object get(int)>/java.util.List.get/0	<java.util.Collections$UnmodifiableList: java.lang.Object get(int)>/$r0
java.util.Collections$UnmodifiableList	<java.util.Collections$UnmodifiableList: java.util.List subList(int,int)>/java.util.List.subList/0	<java.util.Collections$UnmodifiableList: java.util.List subList(int,int)>/$r1
java.util.Collections$UnmodifiableList	<java.util.Collections$UnmodifiableRandomAccessList: java.util.List subList(int,int)>/java.util.List.subList/0	<java.util.Collections$UnmodifiableRandomAccessList: java.util.List subList(int,int)>/$r1
java.lang.ClassValue$ClassValueMap	<java.util.AbstractMap: boolean equals(java.lang.Object)>/java.lang.Object.equals/0	<java.util.AbstractMap: boolean equals(java.lang.Object)>/l6#_490
java.util.WeakHashMap	<java.util.AbstractMap: boolean equals(java.lang.Object)>/java.lang.Object.equals/0	<java.util.AbstractMap: boolean equals(java.lang.Object)>/l6#_490
java.util.Collections$SynchronizedSortedSet	<java.util.Collections$SynchronizedCollection: int size()>/java.util.Collection.size/0	<java.util.Collections$SynchronizedCollection: int size()>/$r1
java.util.Collections$SynchronizedSortedSet	<java.util.Collections$SynchronizedCollection: boolean isEmpty()>/java.util.Collection.isEmpty/0	<java.util.Collections$SynchronizedCollection: boolean isEmpty()>/$r1
java.util.Collections$SynchronizedSortedSet	<java.util.Collections$SynchronizedCollection: boolean contains(java.lang.Object)>/java.util.Collection.contains/0	<java.util.Collections$SynchronizedCollection: boolean contains(java.lang.Object)>/$r1
java.util.Collections$SynchronizedSortedSet	<java.util.Collections$SynchronizedCollection: java.lang.Object[] toArray()>/java.util.Collection.toArray/0	<java.util.Collections$SynchronizedCollection: java.lang.Object[] toArray()>/$r1
java.util.Collections$SynchronizedSortedSet	<java.util.Collections$SynchronizedCollection: java.lang.Object[] toArray(java.lang.Object[])>/java.util.Collection.toArray/0	<java.util.Collections$SynchronizedCollection: java.lang.Object[] toArray(java.lang.Object[])>/$r1
java.util.Collections$SynchronizedSortedSet	<java.util.Collections$SynchronizedCollection: java.util.Iterator iterator()>/java.util.Collection.iterator/0	<java.util.Collections$SynchronizedCollection: java.util.Iterator iterator()>/$r0
java.util.regex.UnicodeProp	<java.util.regex.UnicodeProp$17: boolean is(int)>/java.util.regex.UnicodeProp.is/0	<java.util.regex.UnicodeProp$17: boolean is(int)>/$r0
java.util.regex.UnicodeProp	<java.util.regex.UnicodeProp$17: boolean is(int)>/java.util.regex.UnicodeProp.is/1	<java.util.regex.UnicodeProp$17: boolean is(int)>/$r2
java.util.regex.UnicodeProp	<java.util.regex.UnicodeProp$17: boolean is(int)>/java.util.regex.UnicodeProp.is/2	<java.util.regex.UnicodeProp$17: boolean is(int)>/$r1
java.util.regex.UnicodeProp	<java.util.regex.UnicodeProp$18: boolean is(int)>/java.util.regex.UnicodeProp.is/0	<java.util.regex.UnicodeProp$18: boolean is(int)>/$r0
java.util.regex.UnicodeProp	<java.util.regex.UnicodeProp$18: boolean is(int)>/java.util.regex.UnicodeProp.is/1	<java.util.regex.UnicodeProp$18: boolean is(int)>/$r1
java.util.regex.UnicodeProp	<java.util.regex.UnicodeProp$10: boolean is(int)>/java.util.regex.UnicodeProp.is/0	<java.util.regex.UnicodeProp$10: boolean is(int)>/$r0
java.util.regex.UnicodeProp	<java.util.regex.UnicodeProp$14: boolean is(int)>/java.util.regex.UnicodeProp.is/0	<java.util.regex.UnicodeProp$14: boolean is(int)>/$r0
java.util.regex.UnicodeProp	<java.util.regex.UnicodeProp$14: boolean is(int)>/java.util.regex.UnicodeProp.is/1	<java.util.regex.UnicodeProp$14: boolean is(int)>/$r1
sun.util.PreHashedMap$1	<java.util.AbstractSet: int hashCode()>/java.lang.Object.hashCode/0	<java.util.AbstractSet: int hashCode()>/l3#_124
java.security.MessageDigest	<java.security.MessageDigest$Delegate: void engineUpdate(byte)>/java.security.MessageDigestSpi.engineUpdate/0	<java.security.MessageDigest$Delegate: void engineUpdate(byte)>/$r0
java.security.MessageDigest	<java.security.MessageDigest$Delegate: void engineUpdate(byte[],int,int)>/java.security.MessageDigestSpi.engineUpdate/0	<java.security.MessageDigest$Delegate: void engineUpdate(byte[],int,int)>/$r0
java.security.MessageDigest	<java.security.MessageDigest$Delegate: byte[] engineDigest()>/java.security.MessageDigestSpi.engineDigest/0	<java.security.MessageDigest$Delegate: byte[] engineDigest()>/$r0
java.security.MessageDigest	<java.security.MessageDigest$Delegate: void engineReset()>/java.security.MessageDigestSpi.engineReset/0	<java.security.MessageDigest$Delegate: void engineReset()>/$r0
java.security.SecureClassLoader	<java.lang.ClassLoader: java.lang.Class loadClass(java.lang.String,boolean)>/java.lang.ClassLoader.loadClass/0	<java.lang.ClassLoader: java.lang.Class loadClass(java.lang.String,boolean)>/$r6
java.security.SecureClassLoader	<java.lang.ClassLoader: java.net.URL getResource(java.lang.String)>/java.lang.ClassLoader.getResource/0	<java.lang.ClassLoader: java.net.URL getResource(java.lang.String)>/$r1
java.security.SecureClassLoader	<java.lang.ClassLoader: java.util.Enumeration getResources(java.lang.String)>/java.lang.ClassLoader.getResources/0	<java.lang.ClassLoader: java.util.Enumeration getResources(java.lang.String)>/$r5
java.security.SecureClassLoader	<java.lang.ClassLoader: java.lang.Package getPackage(java.lang.String)>/java.lang.ClassLoader.getPackage/0	<java.lang.ClassLoader: java.lang.Package getPackage(java.lang.String)>/$r9
java.util.Collections$SynchronizedList	<java.util.Collections$SynchronizedCollection: int size()>/java.util.Collection.size/0	<java.util.Collections$SynchronizedCollection: int size()>/$r1
java.util.Collections$SynchronizedList	<java.util.Collections$SynchronizedCollection: boolean isEmpty()>/java.util.Collection.isEmpty/0	<java.util.Collections$SynchronizedCollection: boolean isEmpty()>/$r1
java.util.Collections$SynchronizedList	<java.util.Collections$SynchronizedCollection: boolean contains(java.lang.Object)>/java.util.Collection.contains/0	<java.util.Collections$SynchronizedCollection: boolean contains(java.lang.Object)>/$r1
java.util.Collections$SynchronizedList	<java.util.Collections$SynchronizedCollection: java.lang.Object[] toArray()>/java.util.Collection.toArray/0	<java.util.Collections$SynchronizedCollection: java.lang.Object[] toArray()>/$r1
java.util.Collections$SynchronizedList	<java.util.Collections$SynchronizedCollection: java.lang.Object[] toArray(java.lang.Object[])>/java.util.Collection.toArray/0	<java.util.Collections$SynchronizedCollection: java.lang.Object[] toArray(java.lang.Object[])>/$r1
java.util.Collections$SynchronizedList	<java.util.Collections$SynchronizedCollection: java.util.Iterator iterator()>/java.util.Collection.iterator/0	<java.util.Collections$SynchronizedCollection: java.util.Iterator iterator()>/$r0
java.util.AbstractMap$1	<java.util.AbstractSet: int hashCode()>/java.lang.Object.hashCode/0	<java.util.AbstractSet: int hashCode()>/l3#_124
sun.font.AttributeMap	<java.util.AbstractMap: boolean equals(java.lang.Object)>/java.lang.Object.equals/0	<java.util.AbstractMap: boolean equals(java.lang.Object)>/l6#_490
java.util.SubList	<java.util.SubList: java.lang.Object get(int)>/java.util.AbstractList.get/0	<java.util.SubList: java.lang.Object get(int)>/$r0
java.util.SubList	<java.util.AbstractList: boolean equals(java.lang.Object)>/java.lang.Object.equals/0	<java.util.AbstractList: boolean equals(java.lang.Object)>/l4#_521
java.util.SubList	<java.util.AbstractList: int hashCode()>/java.lang.Object.hashCode/0	<java.util.AbstractList: int hashCode()>/l3#_542
java.util.TreeMap$DescendingSubMap$DescendingEntrySetView	<java.util.AbstractSet: int hashCode()>/java.lang.Object.hashCode/0	<java.util.AbstractSet: int hashCode()>/l3#_124
java.util.IdentityHashMap	<java.util.AbstractMap: boolean equals(java.lang.Object)>/java.lang.Object.equals/0	<java.util.AbstractMap: boolean equals(java.lang.Object)>/l6#_490
java.util.Calendar	<java.util.GregorianCalendar: int getActualMaximum(int)>/java.util.GregorianCalendar.getActualMaximum/0	<java.util.GregorianCalendar: int getActualMaximum(int)>/l0#_0
sun.util.PreHashedMap	<java.util.AbstractMap: boolean equals(java.lang.Object)>/java.lang.Object.equals/0	<java.util.AbstractMap: boolean equals(java.lang.Object)>/l6#_490
java.util.Collections$SynchronizedCollection	<java.util.Collections$SynchronizedCollection: int size()>/java.util.Collection.size/0	<java.util.Collections$SynchronizedCollection: int size()>/$r1
java.util.Collections$SynchronizedCollection	<java.util.Collections$SynchronizedCollection: boolean isEmpty()>/java.util.Collection.isEmpty/0	<java.util.Collections$SynchronizedCollection: boolean isEmpty()>/$r1
java.util.Collections$SynchronizedCollection	<java.util.Collections$SynchronizedCollection: boolean contains(java.lang.Object)>/java.util.Collection.contains/0	<java.util.Collections$SynchronizedCollection: boolean contains(java.lang.Object)>/$r1
java.util.Collections$SynchronizedCollection	<java.util.Collections$SynchronizedCollection: java.lang.Object[] toArray()>/java.util.Collection.toArray/0	<java.util.Collections$SynchronizedCollection: java.lang.Object[] toArray()>/$r1
java.util.Collections$SynchronizedCollection	<java.util.Collections$SynchronizedCollection: java.lang.Object[] toArray(java.lang.Object[])>/java.util.Collection.toArray/0	<java.util.Collections$SynchronizedCollection: java.lang.Object[] toArray(java.lang.Object[])>/$r1
java.util.Collections$SynchronizedCollection	<java.util.Collections$SynchronizedCollection: java.util.Iterator iterator()>/java.util.Collection.iterator/0	<java.util.Collections$SynchronizedCollection: java.util.Iterator iterator()>/$r0
java.util.TreeMap$KeySet	<java.util.AbstractSet: int hashCode()>/java.lang.Object.hashCode/0	<java.util.AbstractSet: int hashCode()>/l3#_124
sun.awt.util.IdentityArrayList	<java.util.AbstractList: boolean equals(java.lang.Object)>/java.lang.Object.equals/0	<java.util.AbstractList: boolean equals(java.lang.Object)>/l4#_521
sun.awt.util.IdentityArrayList	<java.util.AbstractList: int hashCode()>/java.lang.Object.hashCode/0	<java.util.AbstractList: int hashCode()>/l3#_542
sun.security.jca.ProviderList	<sun.security.jca.ProviderList: java.lang.String toString()>/java.lang.Object.toString/0	<sun.security.jca.ProviderList: java.lang.String toString()>/$r1
java.net.URLClassLoader	<java.lang.ClassLoader: java.lang.Class loadClass(java.lang.String,boolean)>/java.lang.ClassLoader.loadClass/0	<java.lang.ClassLoader: java.lang.Class loadClass(java.lang.String,boolean)>/$r6
java.net.URLClassLoader	<java.lang.ClassLoader: java.net.URL getResource(java.lang.String)>/java.lang.ClassLoader.getResource/0	<java.lang.ClassLoader: java.net.URL getResource(java.lang.String)>/$r1
java.net.URLClassLoader	<java.lang.ClassLoader: java.util.Enumeration getResources(java.lang.String)>/java.lang.ClassLoader.getResources/0	<java.lang.ClassLoader: java.util.Enumeration getResources(java.lang.String)>/$r5
java.net.URLClassLoader	<java.lang.ClassLoader: java.lang.Package getPackage(java.lang.String)>/java.lang.ClassLoader.getPackage/0	<java.lang.ClassLoader: java.lang.Package getPackage(java.lang.String)>/$r9
sun.security.jca.ProviderList$ServiceList	<java.util.AbstractList: boolean equals(java.lang.Object)>/java.lang.Object.equals/0	<java.util.AbstractList: boolean equals(java.lang.Object)>/l4#_521
sun.security.jca.ProviderList$ServiceList	<java.util.AbstractList: int hashCode()>/java.lang.Object.hashCode/0	<java.util.AbstractList: int hashCode()>/l3#_542
sun.misc.SoftCache	<java.util.AbstractMap: boolean equals(java.lang.Object)>/java.lang.Object.equals/0	<java.util.AbstractMap: boolean equals(java.lang.Object)>/l6#_490
sun.security.ssl.SSLSocketImpl$NotifyHandshakeThread	<java.lang.Thread: void run()>/java.lang.Runnable.run/0	<java.lang.Thread: void run()>/$r1
java.util.HashMap$EntrySet	<java.util.AbstractSet: int hashCode()>/java.lang.Object.hashCode/0	<java.util.AbstractSet: int hashCode()>/l3#_124
java.security.Provider	<java.util.Properties: java.lang.String getProperty(java.lang.String)>/java.util.Properties.getProperty/0	<java.util.Properties: java.lang.String getProperty(java.lang.String)>/$r1
java.security.Provider	<java.security.Provider: java.util.Set entrySet()>/java.util.Map.entrySet/0	<java.security.Provider: java.util.Set entrySet()>/$r4
java.security.Provider	<java.util.Hashtable: java.lang.String toString()>/java.lang.Object.toString/0	<java.util.Hashtable: java.lang.String toString()>/l6#_584
java.security.Provider	<java.util.Hashtable: java.lang.String toString()>/java.lang.Object.toString/1	<java.util.Hashtable: java.lang.String toString()>/l7#_585
java.security.Provider	<java.util.Hashtable: boolean equals(java.lang.Object)>/java.lang.Object.equals/0	<java.util.Hashtable: boolean equals(java.lang.Object)>/l6#_808
java.util.Collections$SynchronizedSortedMap	<java.util.Collections$SynchronizedMap: java.lang.Object get(java.lang.Object)>/java.util.Map.get/0	<java.util.Collections$SynchronizedMap: java.lang.Object get(java.lang.Object)>/$r1
java.util.Collections$SynchronizedSortedMap	<java.util.Collections$SynchronizedMap: java.lang.Object put(java.lang.Object,java.lang.Object)>/java.util.Map.put/0	<java.util.Collections$SynchronizedMap: java.lang.Object put(java.lang.Object,java.lang.Object)>/$r1
java.util.Collections$SynchronizedSortedMap	<java.util.Collections$SynchronizedMap: java.util.Collection values()>/java.util.Map.values/0	<java.util.Collections$SynchronizedMap: java.util.Collection values()>/$r4
java.util.Collections$SynchronizedSortedMap	<java.util.Collections$SynchronizedMap: java.lang.String toString()>/java.lang.Object.toString/0	<java.util.Collections$SynchronizedMap: java.lang.String toString()>/$r1
sun.text.normalizer.UnicodeSet	<sun.text.normalizer.UnicodeSet: void applyPattern(sun.text.normalizer.RuleCharacterIterator,sun.text.normalizer.SymbolTable,java.lang.StringBuffer,int)>/sun.text.normalizer.UnicodeSet.applyPattern/0	<sun.text.normalizer.UnicodeSet: void applyPattern(sun.text.normalizer.RuleCharacterIterator,sun.text.normalizer.SymbolTable,java.lang.StringBuffer,int)>/l18_$$A_6#_1099
sun.util.resources.OpenListResourceBundle	<java.util.ResourceBundle: java.lang.Object getObject(java.lang.String)>/java.util.ResourceBundle.getObject/0	<java.util.ResourceBundle: java.lang.Object getObject(java.lang.String)>/$r12
sun.security.ssl.SunJSSE	<java.util.Properties: java.lang.String getProperty(java.lang.String)>/java.util.Properties.getProperty/0	<java.util.Properties: java.lang.String getProperty(java.lang.String)>/$r1
sun.security.ssl.SunJSSE	<java.security.Provider: java.util.Set entrySet()>/java.util.Map.entrySet/0	<java.security.Provider: java.util.Set entrySet()>/$r4
sun.security.ssl.SunJSSE	<java.util.Hashtable: java.lang.String toString()>/java.lang.Object.toString/0	<java.util.Hashtable: java.lang.String toString()>/l6#_584
sun.security.ssl.SunJSSE	<java.util.Hashtable: java.lang.String toString()>/java.lang.Object.toString/1	<java.util.Hashtable: java.lang.String toString()>/l7#_585
sun.security.ssl.SunJSSE	<java.util.Hashtable: boolean equals(java.lang.Object)>/java.lang.Object.equals/0	<java.util.Hashtable: boolean equals(java.lang.Object)>/l6#_808
java.util.Collections$UnmodifiableMap$UnmodifiableEntrySet$1	<java.util.Collections$UnmodifiableMap$UnmodifiableEntrySet$1: boolean hasNext()>/java.util.Iterator.hasNext/0	<java.util.Collections$UnmodifiableMap$UnmodifiableEntrySet$1: boolean hasNext()>/$r0
java.util.EnumMap$KeySet	<java.util.AbstractSet: int hashCode()>/java.lang.Object.hashCode/0	<java.util.AbstractSet: int hashCode()>/l3#_124
java.util.IdentityHashMap$KeySet	<java.util.AbstractSet: int hashCode()>/java.lang.Object.hashCode/0	<java.util.AbstractSet: int hashCode()>/l3#_124
java.util.Hashtable$EntrySet	<java.util.AbstractSet: int hashCode()>/java.lang.Object.hashCode/0	<java.util.AbstractSet: int hashCode()>/l3#_124
javax.swing.UIDefaults	<java.util.Hashtable: java.lang.String toString()>/java.lang.Object.toString/0	<java.util.Hashtable: java.lang.String toString()>/l6#_584
javax.swing.UIDefaults	<java.util.Hashtable: java.lang.String toString()>/java.lang.Object.toString/1	<java.util.Hashtable: java.lang.String toString()>/l7#_585
javax.swing.UIDefaults	<java.util.Hashtable: boolean equals(java.lang.Object)>/java.lang.Object.equals/0	<java.util.Hashtable: boolean equals(java.lang.Object)>/l6#_808
java.util.TreeMap	<java.util.AbstractMap: boolean equals(java.lang.Object)>/java.lang.Object.equals/0	<java.util.AbstractMap: boolean equals(java.lang.Object)>/l6#_490
java.util.PropertyResourceBundle	<java.util.ResourceBundle: java.lang.Object getObject(java.lang.String)>/java.util.ResourceBundle.getObject/0	<java.util.ResourceBundle: java.lang.Object getObject(java.lang.String)>/$r12
java.util.Collections$UnmodifiableNavigableMap	<java.util.Collections$UnmodifiableMap: java.lang.Object get(java.lang.Object)>/java.util.Map.get/0	<java.util.Collections$UnmodifiableMap: java.lang.Object get(java.lang.Object)>/$r0
java.util.Collections$UnmodifiableNavigableMap	<java.util.Collections$UnmodifiableMap: java.util.Set keySet()>/java.util.Map.keySet/0	<java.util.Collections$UnmodifiableMap: java.util.Set keySet()>/$r2
java.util.Collections$UnmodifiableNavigableMap	<java.util.Collections$UnmodifiableMap: java.util.Set entrySet()>/java.util.Map.entrySet/0	<java.util.Collections$UnmodifiableMap: java.util.Set entrySet()>/$r3
java.util.Collections$SynchronizedNavigableSet	<java.util.Collections$SynchronizedCollection: int size()>/java.util.Collection.size/0	<java.util.Collections$SynchronizedCollection: int size()>/$r1
java.util.Collections$SynchronizedNavigableSet	<java.util.Collections$SynchronizedCollection: boolean isEmpty()>/java.util.Collection.isEmpty/0	<java.util.Collections$SynchronizedCollection: boolean isEmpty()>/$r1
java.util.Collections$SynchronizedNavigableSet	<java.util.Collections$SynchronizedCollection: boolean contains(java.lang.Object)>/java.util.Collection.contains/0	<java.util.Collections$SynchronizedCollection: boolean contains(java.lang.Object)>/$r1
java.util.Collections$SynchronizedNavigableSet	<java.util.Collections$SynchronizedCollection: java.lang.Object[] toArray()>/java.util.Collection.toArray/0	<java.util.Collections$SynchronizedCollection: java.lang.Object[] toArray()>/$r1
java.util.Collections$SynchronizedNavigableSet	<java.util.Collections$SynchronizedCollection: java.lang.Object[] toArray(java.lang.Object[])>/java.util.Collection.toArray/0	<java.util.Collections$SynchronizedCollection: java.lang.Object[] toArray(java.lang.Object[])>/$r1
java.util.Collections$SynchronizedNavigableSet	<java.util.Collections$SynchronizedCollection: java.util.Iterator iterator()>/java.util.Collection.iterator/0	<java.util.Collections$SynchronizedCollection: java.util.Iterator iterator()>/$r0
java.util.Collections$UnmodifiableMap	<java.util.Collections$UnmodifiableMap: java.lang.Object get(java.lang.Object)>/java.util.Map.get/0	<java.util.Collections$UnmodifiableMap: java.lang.Object get(java.lang.Object)>/$r0
java.util.Collections$UnmodifiableMap	<java.util.Collections$UnmodifiableMap: java.util.Set keySet()>/java.util.Map.keySet/0	<java.util.Collections$UnmodifiableMap: java.util.Set keySet()>/$r2
java.util.Collections$UnmodifiableMap	<java.util.Collections$UnmodifiableMap: java.util.Set entrySet()>/java.util.Map.entrySet/0	<java.util.Collections$UnmodifiableMap: java.util.Set entrySet()>/$r3
java.util.concurrent.CopyOnWriteArrayList$COWSubList	<java.util.AbstractList: boolean equals(java.lang.Object)>/java.lang.Object.equals/0	<java.util.AbstractList: boolean equals(java.lang.Object)>/l4#_521
java.util.concurrent.CopyOnWriteArrayList$COWSubList	<java.util.AbstractList: int hashCode()>/java.lang.Object.hashCode/0	<java.util.AbstractList: int hashCode()>/l3#_542
java.security.Permissions	<java.security.Permissions: void add(java.security.Permission)>/java.security.PermissionCollection.add/0	<java.security.Permissions: void add(java.security.Permission)>/l2#_132
java.security.Permissions	<java.security.Permissions: boolean implies(java.security.Permission)>/java.security.PermissionCollection.implies/0	<java.security.Permissions: boolean implies(java.security.Permission)>/l3#_179
sun.misc.SoftCache$EntrySet	<java.util.AbstractSet: int hashCode()>/java.lang.Object.hashCode/0	<java.util.AbstractSet: int hashCode()>/l3#_124
javax.security.auth.Subject$SecureSet	<java.util.AbstractSet: int hashCode()>/java.lang.Object.hashCode/0	<java.util.AbstractSet: int hashCode()>/l3#_124
java.util.WeakHashMap$KeySet	<java.util.AbstractSet: int hashCode()>/java.lang.Object.hashCode/0	<java.util.AbstractSet: int hashCode()>/l3#_124
java.util.AbstractMap	<java.util.concurrent.ConcurrentHashMap: int hashCode()>/java.lang.Object.hashCode/0	<java.util.concurrent.ConcurrentHashMap: int hashCode()>/$r3
java.util.AbstractMap	<java.util.concurrent.ConcurrentHashMap: int hashCode()>/java.lang.Object.hashCode/1	<java.util.concurrent.ConcurrentHashMap: int hashCode()>/$r4
java.util.AbstractMap	<java.util.concurrent.ConcurrentHashMap: boolean equals(java.lang.Object)>/java.lang.Object.equals/0	<java.util.concurrent.ConcurrentHashMap: boolean equals(java.lang.Object)>/l8_$$A_1#_1350
java.util.AbstractMap	<java.util.concurrent.ConcurrentHashMap: boolean equals(java.lang.Object)>/java.lang.Object.equals/1	<java.util.concurrent.ConcurrentHashMap: boolean equals(java.lang.Object)>/l9#_1357
java.util.AbstractMap	<java.util.AbstractMap: boolean equals(java.lang.Object)>/java.lang.Object.equals/0	<java.util.AbstractMap: boolean equals(java.lang.Object)>/l6#_490
java.util.Hashtable$KeySet	<java.util.AbstractSet: int hashCode()>/java.lang.Object.hashCode/0	<java.util.AbstractSet: int hashCode()>/l3#_124
sun.security.x509.AlgorithmId	<sun.security.x509.AlgorithmId: java.lang.String getName()>/sun.security.x509.AlgorithmId.getName/0	<sun.security.x509.AlgorithmId: java.lang.String getName()>/l2#_236
java.util.TreeMap$AscendingSubMap$AscendingEntrySetView	<java.util.AbstractSet: int hashCode()>/java.lang.Object.hashCode/0	<java.util.AbstractSet: int hashCode()>/l3#_124
sun.applet.AppletClassLoader	<java.lang.ClassLoader: java.lang.Class loadClass(java.lang.String,boolean)>/java.lang.ClassLoader.loadClass/0	<java.lang.ClassLoader: java.lang.Class loadClass(java.lang.String,boolean)>/$r6
sun.applet.AppletClassLoader	<java.lang.ClassLoader: java.net.URL getResource(java.lang.String)>/java.lang.ClassLoader.getResource/0	<java.lang.ClassLoader: java.net.URL getResource(java.lang.String)>/$r1
sun.applet.AppletClassLoader	<java.lang.ClassLoader: java.util.Enumeration getResources(java.lang.String)>/java.lang.ClassLoader.getResources/0	<java.lang.ClassLoader: java.util.Enumeration getResources(java.lang.String)>/$r5
sun.applet.AppletClassLoader	<java.lang.ClassLoader: java.lang.Package getPackage(java.lang.String)>/java.lang.ClassLoader.getPackage/0	<java.lang.ClassLoader: java.lang.Package getPackage(java.lang.String)>/$r9
sun.net.www.http.KeepAliveStream	<java.io.FilterInputStream: int read()>/java.io.InputStream.read/0	<java.io.FilterInputStream: int read()>/$r0
sun.net.www.http.KeepAliveStream	<java.io.FilterInputStream: int read(byte[],int,int)>/java.io.InputStream.read/0	<java.io.FilterInputStream: int read(byte[],int,int)>/$r0
sun.net.www.http.KeepAliveStream	<java.io.FilterInputStream: long skip(long)>/java.io.InputStream.skip/0	<java.io.FilterInputStream: long skip(long)>/$r0
sun.net.www.http.KeepAliveStream	<java.io.FilterInputStream: int available()>/java.io.InputStream.available/0	<java.io.FilterInputStream: int available()>/$r0
sun.net.www.http.KeepAliveStream	<java.io.FilterInputStream: void close()>/java.io.InputStream.close/0	<java.io.FilterInputStream: void close()>/$r0
java.util.ArrayList	<java.util.AbstractList: boolean equals(java.lang.Object)>/java.lang.Object.equals/0	<java.util.AbstractList: boolean equals(java.lang.Object)>/l4#_521
java.util.ArrayList	<java.util.AbstractList: int hashCode()>/java.lang.Object.hashCode/0	<java.util.AbstractList: int hashCode()>/l3#_542
javax.swing.MultiUIDefaults	<java.util.Hashtable: java.lang.String toString()>/java.lang.Object.toString/0	<java.util.Hashtable: java.lang.String toString()>/l6#_584
javax.swing.MultiUIDefaults	<java.util.Hashtable: java.lang.String toString()>/java.lang.Object.toString/1	<java.util.Hashtable: java.lang.String toString()>/l7#_585
javax.swing.MultiUIDefaults	<java.util.Hashtable: boolean equals(java.lang.Object)>/java.lang.Object.equals/0	<java.util.Hashtable: boolean equals(java.lang.Object)>/l6#_808
java.util.SubList$1	<java.util.SubList$1: java.lang.Object next()>/java.util.ListIterator.next/0	<java.util.SubList$1: java.lang.Object next()>/$r1
java.util.SubList$1	<java.util.SubList$1: int nextIndex()>/java.util.ListIterator.nextIndex/0	<java.util.SubList$1: int nextIndex()>/$r0
java.util.Collections$SynchronizedNavigableMap	<java.util.Collections$SynchronizedMap: java.lang.Object get(java.lang.Object)>/java.util.Map.get/0	<java.util.Collections$SynchronizedMap: java.lang.Object get(java.lang.Object)>/$r1
java.util.Collections$SynchronizedNavigableMap	<java.util.Collections$SynchronizedMap: java.lang.Object put(java.lang.Object,java.lang.Object)>/java.util.Map.put/0	<java.util.Collections$SynchronizedMap: java.lang.Object put(java.lang.Object,java.lang.Object)>/$r1
java.util.Collections$SynchronizedNavigableMap	<java.util.Collections$SynchronizedMap: java.util.Collection values()>/java.util.Map.values/0	<java.util.Collections$SynchronizedMap: java.util.Collection values()>/$r4
java.util.Collections$SynchronizedNavigableMap	<java.util.Collections$SynchronizedMap: java.lang.String toString()>/java.lang.Object.toString/0	<java.util.Collections$SynchronizedMap: java.lang.String toString()>/$r1
java.util.EnumMap$EntrySet	<java.util.AbstractSet: int hashCode()>/java.lang.Object.hashCode/0	<java.util.AbstractSet: int hashCode()>/l3#_124
sun.misc.CompoundEnumeration	<sun.misc.CompoundEnumeration: java.lang.Object nextElement()>/java.util.Enumeration.nextElement/0	<sun.misc.CompoundEnumeration: java.lang.Object nextElement()>/$r1
java.util.TreeMap$NavigableSubMap	<java.util.AbstractMap: boolean equals(java.lang.Object)>/java.lang.Object.equals/0	<java.util.AbstractMap: boolean equals(java.lang.Object)>/l6#_490
java.util.stream.Collectors$Partition$1	<java.util.AbstractSet: int hashCode()>/java.lang.Object.hashCode/0	<java.util.AbstractSet: int hashCode()>/l3#_124
java.util.LinkedHashMap$LinkedEntrySet	<java.util.AbstractSet: int hashCode()>/java.lang.Object.hashCode/0	<java.util.AbstractSet: int hashCode()>/l3#_124
java.util.ArrayList$SubList	<java.util.AbstractList: boolean equals(java.lang.Object)>/java.lang.Object.equals/0	<java.util.AbstractList: boolean equals(java.lang.Object)>/l4#_521
java.util.ArrayList$SubList	<java.util.AbstractList: int hashCode()>/java.lang.Object.hashCode/0	<java.util.AbstractList: int hashCode()>/l3#_542
javax.imageio.spi.PartiallyOrderedSet	<java.util.AbstractSet: int hashCode()>/java.lang.Object.hashCode/0	<java.util.AbstractSet: int hashCode()>/l3#_124
java.util.Collections$SetFromMap	<java.util.AbstractSet: int hashCode()>/java.lang.Object.hashCode/0	<java.util.AbstractSet: int hashCode()>/l3#_124
java.security.Signature	<java.security.Signature$Delegate: void engineInitVerify(java.security.PublicKey)>/java.security.SignatureSpi.engineInitVerify/0	<java.security.Signature$Delegate: void engineInitVerify(java.security.PublicKey)>/$r1
java.security.Signature	<java.security.Signature$Delegate: void engineUpdate(byte[],int,int)>/java.security.SignatureSpi.engineUpdate/0	<java.security.Signature$Delegate: void engineUpdate(byte[],int,int)>/$r0
java.security.Signature	<java.security.Signature$Delegate: boolean engineVerify(byte[])>/java.security.SignatureSpi.engineVerify/0	<java.security.Signature$Delegate: boolean engineVerify(byte[])>/$r0
javax.security.auth.Subject$ClassSet	<java.util.AbstractSet: int hashCode()>/java.lang.Object.hashCode/0	<java.util.AbstractSet: int hashCode()>/l3#_124
