<org.yaml.snakeyaml.serializer.Serializer: void anchorNode(org.yaml.snakeyaml.nodes.Node)>/org.yaml.snakeyaml.serializer.Serializer.anchorNode/0	<org.yaml.snakeyaml.serializer.Serializer: void anchorNode(org.yaml.snakeyaml.nodes.Node)>/item#_149
<org.yaml.snakeyaml.serializer.Serializer: void anchorNode(org.yaml.snakeyaml.nodes.Node)>/org.yaml.snakeyaml.serializer.Serializer.anchorNode/1	<org.yaml.snakeyaml.serializer.Serializer: void anchorNode(org.yaml.snakeyaml.nodes.Node)>/key#_141
<org.yaml.snakeyaml.serializer.Serializer: void anchorNode(org.yaml.snakeyaml.nodes.Node)>/org.yaml.snakeyaml.serializer.Serializer.anchorNode/2	<org.yaml.snakeyaml.serializer.Serializer: void anchorNode(org.yaml.snakeyaml.nodes.Node)>/value#_142
<org.yaml.snakeyaml.serializer.Serializer: void serializeNode(org.yaml.snakeyaml.nodes.Node,org.yaml.snakeyaml.nodes.Node)>/org.yaml.snakeyaml.serializer.Serializer.serializeNode/0	<org.yaml.snakeyaml.serializer.Serializer: void serializeNode(org.yaml.snakeyaml.nodes.Node,org.yaml.snakeyaml.nodes.Node)>/item#_200
<org.yaml.snakeyaml.serializer.Serializer: void serializeNode(org.yaml.snakeyaml.nodes.Node,org.yaml.snakeyaml.nodes.Node)>/org.yaml.snakeyaml.serializer.Serializer.serializeNode/1	<org.yaml.snakeyaml.serializer.Serializer: void serializeNode(org.yaml.snakeyaml.nodes.Node,org.yaml.snakeyaml.nodes.Node)>/key#_192
<org.yaml.snakeyaml.serializer.Serializer: void serializeNode(org.yaml.snakeyaml.nodes.Node,org.yaml.snakeyaml.nodes.Node)>/org.yaml.snakeyaml.serializer.Serializer.serializeNode/2	<org.yaml.snakeyaml.serializer.Serializer: void serializeNode(org.yaml.snakeyaml.nodes.Node,org.yaml.snakeyaml.nodes.Node)>/value#_193
<org.yaml.snakeyaml.constructor.SafeConstructor: java.util.List mergeNode(org.yaml.snakeyaml.nodes.MappingNode,boolean,java.util.Map,java.util.List)>/org.yaml.snakeyaml.constructor.SafeConstructor.mergeNode/0	<org.yaml.snakeyaml.constructor.SafeConstructor: java.util.List mergeNode(org.yaml.snakeyaml.nodes.MappingNode,boolean,java.util.Map,java.util.List)>/mn#_139
<org.yaml.snakeyaml.constructor.SafeConstructor: java.util.List mergeNode(org.yaml.snakeyaml.nodes.MappingNode,boolean,java.util.Map,java.util.List)>/org.yaml.snakeyaml.constructor.SafeConstructor.mergeNode/1	<org.yaml.snakeyaml.constructor.SafeConstructor: java.util.List mergeNode(org.yaml.snakeyaml.nodes.MappingNode,boolean,java.util.Map,java.util.List)>/mnode#_153
<com.sun.beans.TypeResolver: void prepare(java.util.Map,java.lang.reflect.Type)>/com.sun.beans.TypeResolver.prepare/0	<com.sun.beans.TypeResolver: void prepare(java.util.Map,java.lang.reflect.Type)>/l5#10#_308
<com.sun.beans.TypeResolver: void prepare(java.util.Map,java.lang.reflect.Type)>/com.sun.beans.TypeResolver.prepare/1	<com.sun.beans.TypeResolver: void prepare(java.util.Map,java.lang.reflect.Type)>/l9#_320
