<java.lang.ThreadGroup: void uncaughtException(java.lang.Thread,java.lang.Throwable)>	java.lang.Thread	<java.lang.ThreadGroup: void uncaughtException(java.lang.Thread,java.lang.Throwable)>/java.lang.ThreadGroup.uncaughtException/0
<java.lang.ThreadGroup: void uncaughtException(java.lang.Thread,java.lang.Throwable)>	java.lang.Throwable	<java.lang.ThreadGroup: void uncaughtException(java.lang.Thread,java.lang.Throwable)>/java.lang.ThreadGroup.uncaughtException/0
<java.lang.ClassLoader: void checkPackageAccess(java.lang.Class,java.security.ProtectionDomain)>	java.lang.Class	<java.lang.ClassLoader: void checkPackageAccess(java.lang.Class,java.security.ProtectionDomain)>/java.lang.ClassLoader.checkPackageAccess/0
<sun.net.www.http.HttpClient: boolean parseHTTP(sun.net.www.MessageHeader,sun.net.ProgressSource,sun.net.www.protocol.http.HttpURLConnection)>	sun.net.www.protocol.http.HttpURLConnection	<sun.net.www.http.HttpClient: boolean parseHTTP(sun.net.www.MessageHeader,sun.net.ProgressSource,sun.net.www.protocol.http.HttpURLConnection)>/sun.net.www.http.HttpClient.parseHTTP/0
<sun.net.www.http.HttpClient: boolean parseHTTPHeader(sun.net.www.MessageHeader,sun.net.ProgressSource,sun.net.www.protocol.http.HttpURLConnection)>	sun.net.www.protocol.http.HttpURLConnection	<sun.net.www.http.HttpClient: boolean parseHTTPHeader(sun.net.www.MessageHeader,sun.net.ProgressSource,sun.net.www.protocol.http.HttpURLConnection)>/sun.net.www.http.HttpClient.parseHTTPHeader/0
<org.mvel2.optimizers.impl.refl.ReflectiveAccessorOptimizer: java.lang.Object getBeanProperty(java.lang.Object,java.lang.String)>	java.lang.String	<org.mvel2.optimizers.impl.refl.ReflectiveAccessorOptimizer: java.lang.Object getBeanProperty(java.lang.Object,java.lang.String)>/org.mvel2.optimizers.impl.refl.ReflectiveAccessorOptimizer.getBeanProperty/0
<org.mvel2.optimizers.impl.refl.ReflectiveAccessorOptimizer: java.lang.Object getMethod(java.lang.Object,java.lang.String,java.lang.Object[],java.lang.Class[],org.mvel2.compiler.ExecutableStatement[])>	java.lang.String	<org.mvel2.optimizers.impl.refl.ReflectiveAccessorOptimizer: java.lang.Object getMethod(java.lang.Object,java.lang.String,java.lang.Object[],java.lang.Class[],org.mvel2.compiler.ExecutableStatement[])>/org.mvel2.optimizers.impl.refl.ReflectiveAccessorOptimizer.getMethod/0
<java.util.TreeMap: java.util.TreeMap$Entry buildFromSorted(int,int,int,int,java.util.Iterator,java.io.ObjectInputStream,java.lang.Object)>	java.util.Iterator	<java.util.TreeMap: java.util.TreeMap$Entry buildFromSorted(int,int,int,int,java.util.Iterator,java.io.ObjectInputStream,java.lang.Object)>/java.util.TreeMap.buildFromSorted/0
<java.util.TreeMap: java.util.TreeMap$Entry buildFromSorted(int,int,int,int,java.util.Iterator,java.io.ObjectInputStream,java.lang.Object)>	java.util.Iterator	<java.util.TreeMap: java.util.TreeMap$Entry buildFromSorted(int,int,int,int,java.util.Iterator,java.io.ObjectInputStream,java.lang.Object)>/java.util.TreeMap.buildFromSorted/1
<java.util.TreeMap: java.util.TreeMap$Entry buildFromSorted(int,int,int,int,java.util.Iterator,java.io.ObjectInputStream,java.lang.Object)>	java.io.ObjectInputStream	<java.util.TreeMap: java.util.TreeMap$Entry buildFromSorted(int,int,int,int,java.util.Iterator,java.io.ObjectInputStream,java.lang.Object)>/java.util.TreeMap.buildFromSorted/0
<java.util.TreeMap: java.util.TreeMap$Entry buildFromSorted(int,int,int,int,java.util.Iterator,java.io.ObjectInputStream,java.lang.Object)>	java.io.ObjectInputStream	<java.util.TreeMap: java.util.TreeMap$Entry buildFromSorted(int,int,int,int,java.util.Iterator,java.io.ObjectInputStream,java.lang.Object)>/java.util.TreeMap.buildFromSorted/1
<java.util.Formatter$FormatSpecifier: void print(java.lang.StringBuilder,java.math.BigDecimal,java.util.Locale,java.util.Formatter$Flags,char,int,boolean)>	java.math.BigDecimal	<java.util.Formatter$FormatSpecifier: void print(java.lang.StringBuilder,java.math.BigDecimal,java.util.Locale,java.util.Formatter$Flags,char,int,boolean)>/java.util.Formatter$FormatSpecifier.print/0
<java.util.Formatter$FormatSpecifier: void print(java.lang.StringBuilder,java.math.BigDecimal,java.util.Locale,java.util.Formatter$Flags,char,int,boolean)>	java.math.BigDecimal	<java.util.Formatter$FormatSpecifier: void print(java.lang.StringBuilder,java.math.BigDecimal,java.util.Locale,java.util.Formatter$Flags,char,int,boolean)>/java.util.Formatter$FormatSpecifier.print/1
<java.util.Formatter$FormatSpecifier: java.lang.Appendable print(java.lang.StringBuilder,java.util.Calendar,char,java.util.Locale)>	java.util.Calendar	<java.util.Formatter$FormatSpecifier: java.lang.Appendable print(java.lang.StringBuilder,java.util.Calendar,char,java.util.Locale)>/java.util.Formatter$FormatSpecifier.print/0
<java.util.Formatter$FormatSpecifier: java.lang.Appendable print(java.lang.StringBuilder,java.util.Calendar,char,java.util.Locale)>	java.util.Calendar	<java.util.Formatter$FormatSpecifier: java.lang.Appendable print(java.lang.StringBuilder,java.util.Calendar,char,java.util.Locale)>/java.util.Formatter$FormatSpecifier.print/1
<java.util.Formatter$FormatSpecifier: java.lang.Appendable print(java.lang.StringBuilder,java.util.Calendar,char,java.util.Locale)>	java.util.Calendar	<java.util.Formatter$FormatSpecifier: java.lang.Appendable print(java.lang.StringBuilder,java.util.Calendar,char,java.util.Locale)>/java.util.Formatter$FormatSpecifier.print/2
<java.util.Formatter$FormatSpecifier: java.lang.Appendable print(java.lang.StringBuilder,java.util.Calendar,char,java.util.Locale)>	java.util.Calendar	<java.util.Formatter$FormatSpecifier: java.lang.Appendable print(java.lang.StringBuilder,java.util.Calendar,char,java.util.Locale)>/java.util.Formatter$FormatSpecifier.print/3
<java.util.Formatter$FormatSpecifier: java.lang.Appendable print(java.lang.StringBuilder,java.util.Calendar,char,java.util.Locale)>	java.util.Calendar	<java.util.Formatter$FormatSpecifier: java.lang.Appendable print(java.lang.StringBuilder,java.util.Calendar,char,java.util.Locale)>/java.util.Formatter$FormatSpecifier.print/4
<java.util.Formatter$FormatSpecifier: java.lang.Appendable print(java.lang.StringBuilder,java.util.Calendar,char,java.util.Locale)>	java.util.Calendar	<java.util.Formatter$FormatSpecifier: java.lang.Appendable print(java.lang.StringBuilder,java.util.Calendar,char,java.util.Locale)>/java.util.Formatter$FormatSpecifier.print/5
<java.util.Formatter$FormatSpecifier: java.lang.Appendable print(java.lang.StringBuilder,java.util.Calendar,char,java.util.Locale)>	java.util.Calendar	<java.util.Formatter$FormatSpecifier: java.lang.Appendable print(java.lang.StringBuilder,java.util.Calendar,char,java.util.Locale)>/java.util.Formatter$FormatSpecifier.print/6
<java.util.Formatter$FormatSpecifier: java.lang.Appendable print(java.lang.StringBuilder,java.util.Calendar,char,java.util.Locale)>	java.util.Calendar	<java.util.Formatter$FormatSpecifier: java.lang.Appendable print(java.lang.StringBuilder,java.util.Calendar,char,java.util.Locale)>/java.util.Formatter$FormatSpecifier.print/7
<java.util.Formatter$FormatSpecifier: java.lang.Appendable print(java.lang.StringBuilder,java.util.Calendar,char,java.util.Locale)>	java.util.Calendar	<java.util.Formatter$FormatSpecifier: java.lang.Appendable print(java.lang.StringBuilder,java.util.Calendar,char,java.util.Locale)>/java.util.Formatter$FormatSpecifier.print/8
<java.util.Formatter$FormatSpecifier: java.lang.Appendable print(java.lang.StringBuilder,java.util.Calendar,char,java.util.Locale)>	java.util.Calendar	<java.util.Formatter$FormatSpecifier: java.lang.Appendable print(java.lang.StringBuilder,java.util.Calendar,char,java.util.Locale)>/java.util.Formatter$FormatSpecifier.print/9
<java.util.Formatter$FormatSpecifier: java.lang.Appendable print(java.lang.StringBuilder,java.util.Calendar,char,java.util.Locale)>	java.util.Calendar	<java.util.Formatter$FormatSpecifier: java.lang.Appendable print(java.lang.StringBuilder,java.util.Calendar,char,java.util.Locale)>/java.util.Formatter$FormatSpecifier.print/10
<java.util.Formatter$FormatSpecifier: java.lang.Appendable print(java.lang.StringBuilder,java.util.Calendar,char,java.util.Locale)>	java.util.Calendar	<java.util.Formatter$FormatSpecifier: java.lang.Appendable print(java.lang.StringBuilder,java.util.Calendar,char,java.util.Locale)>/java.util.Formatter$FormatSpecifier.print/11
<java.util.Formatter$FormatSpecifier: java.lang.Appendable print(java.lang.StringBuilder,java.util.Calendar,char,java.util.Locale)>	java.util.Calendar	<java.util.Formatter$FormatSpecifier: java.lang.Appendable print(java.lang.StringBuilder,java.util.Calendar,char,java.util.Locale)>/java.util.Formatter$FormatSpecifier.print/12
<java.util.Formatter$FormatSpecifier: java.lang.Appendable print(java.lang.StringBuilder,java.util.Calendar,char,java.util.Locale)>	java.util.Calendar	<java.util.Formatter$FormatSpecifier: java.lang.Appendable print(java.lang.StringBuilder,java.util.Calendar,char,java.util.Locale)>/java.util.Formatter$FormatSpecifier.print/13
<java.util.Formatter$FormatSpecifier: java.lang.Appendable print(java.lang.StringBuilder,java.util.Calendar,char,java.util.Locale)>	java.util.Calendar	<java.util.Formatter$FormatSpecifier: java.lang.Appendable print(java.lang.StringBuilder,java.util.Calendar,char,java.util.Locale)>/java.util.Formatter$FormatSpecifier.print/14
<java.util.Formatter$FormatSpecifier: java.lang.Appendable print(java.lang.StringBuilder,java.util.Calendar,char,java.util.Locale)>	java.util.Calendar	<java.util.Formatter$FormatSpecifier: java.lang.Appendable print(java.lang.StringBuilder,java.util.Calendar,char,java.util.Locale)>/java.util.Formatter$FormatSpecifier.print/15
<java.util.Formatter$FormatSpecifier: java.lang.Appendable print(java.lang.StringBuilder,java.util.Calendar,char,java.util.Locale)>	java.util.Calendar	<java.util.Formatter$FormatSpecifier: java.lang.Appendable print(java.lang.StringBuilder,java.util.Calendar,char,java.util.Locale)>/java.util.Formatter$FormatSpecifier.print/16
<java.util.Formatter$FormatSpecifier: java.lang.Appendable print(java.lang.StringBuilder,java.util.Calendar,char,java.util.Locale)>	java.util.Calendar	<java.util.Formatter$FormatSpecifier: java.lang.Appendable print(java.lang.StringBuilder,java.util.Calendar,char,java.util.Locale)>/java.util.Formatter$FormatSpecifier.print/17
<java.util.Formatter$FormatSpecifier: java.lang.Appendable print(java.lang.StringBuilder,java.util.Calendar,char,java.util.Locale)>	java.util.Calendar	<java.util.Formatter$FormatSpecifier: java.lang.Appendable print(java.lang.StringBuilder,java.util.Calendar,char,java.util.Locale)>/java.util.Formatter$FormatSpecifier.print/18
<java.util.Formatter$FormatSpecifier: java.lang.Appendable print(java.lang.StringBuilder,java.time.temporal.TemporalAccessor,char,java.util.Locale)>	java.time.temporal.TemporalAccessor	<java.util.Formatter$FormatSpecifier: java.lang.Appendable print(java.lang.StringBuilder,java.time.temporal.TemporalAccessor,char,java.util.Locale)>/java.util.Formatter$FormatSpecifier.print/0
<java.util.Formatter$FormatSpecifier: java.lang.Appendable print(java.lang.StringBuilder,java.time.temporal.TemporalAccessor,char,java.util.Locale)>	java.time.temporal.TemporalAccessor	<java.util.Formatter$FormatSpecifier: java.lang.Appendable print(java.lang.StringBuilder,java.time.temporal.TemporalAccessor,char,java.util.Locale)>/java.util.Formatter$FormatSpecifier.print/1
<java.util.Formatter$FormatSpecifier: java.lang.Appendable print(java.lang.StringBuilder,java.time.temporal.TemporalAccessor,char,java.util.Locale)>	java.time.temporal.TemporalAccessor	<java.util.Formatter$FormatSpecifier: java.lang.Appendable print(java.lang.StringBuilder,java.time.temporal.TemporalAccessor,char,java.util.Locale)>/java.util.Formatter$FormatSpecifier.print/2
<java.util.Formatter$FormatSpecifier: java.lang.Appendable print(java.lang.StringBuilder,java.time.temporal.TemporalAccessor,char,java.util.Locale)>	java.time.temporal.TemporalAccessor	<java.util.Formatter$FormatSpecifier: java.lang.Appendable print(java.lang.StringBuilder,java.time.temporal.TemporalAccessor,char,java.util.Locale)>/java.util.Formatter$FormatSpecifier.print/3
<java.util.Formatter$FormatSpecifier: java.lang.Appendable print(java.lang.StringBuilder,java.time.temporal.TemporalAccessor,char,java.util.Locale)>	java.time.temporal.TemporalAccessor	<java.util.Formatter$FormatSpecifier: java.lang.Appendable print(java.lang.StringBuilder,java.time.temporal.TemporalAccessor,char,java.util.Locale)>/java.util.Formatter$FormatSpecifier.print/4
<java.util.Formatter$FormatSpecifier: java.lang.Appendable print(java.lang.StringBuilder,java.time.temporal.TemporalAccessor,char,java.util.Locale)>	java.time.temporal.TemporalAccessor	<java.util.Formatter$FormatSpecifier: java.lang.Appendable print(java.lang.StringBuilder,java.time.temporal.TemporalAccessor,char,java.util.Locale)>/java.util.Formatter$FormatSpecifier.print/5
<java.util.Formatter$FormatSpecifier: java.lang.Appendable print(java.lang.StringBuilder,java.time.temporal.TemporalAccessor,char,java.util.Locale)>	java.time.temporal.TemporalAccessor	<java.util.Formatter$FormatSpecifier: java.lang.Appendable print(java.lang.StringBuilder,java.time.temporal.TemporalAccessor,char,java.util.Locale)>/java.util.Formatter$FormatSpecifier.print/6
<java.util.Formatter$FormatSpecifier: java.lang.Appendable print(java.lang.StringBuilder,java.time.temporal.TemporalAccessor,char,java.util.Locale)>	java.time.temporal.TemporalAccessor	<java.util.Formatter$FormatSpecifier: java.lang.Appendable print(java.lang.StringBuilder,java.time.temporal.TemporalAccessor,char,java.util.Locale)>/java.util.Formatter$FormatSpecifier.print/7
<java.util.Formatter$FormatSpecifier: java.lang.Appendable print(java.lang.StringBuilder,java.time.temporal.TemporalAccessor,char,java.util.Locale)>	java.time.temporal.TemporalAccessor	<java.util.Formatter$FormatSpecifier: java.lang.Appendable print(java.lang.StringBuilder,java.time.temporal.TemporalAccessor,char,java.util.Locale)>/java.util.Formatter$FormatSpecifier.print/8
<java.util.Formatter$FormatSpecifier: java.lang.Appendable print(java.lang.StringBuilder,java.time.temporal.TemporalAccessor,char,java.util.Locale)>	java.time.temporal.TemporalAccessor	<java.util.Formatter$FormatSpecifier: java.lang.Appendable print(java.lang.StringBuilder,java.time.temporal.TemporalAccessor,char,java.util.Locale)>/java.util.Formatter$FormatSpecifier.print/9
<java.util.Formatter$FormatSpecifier: java.lang.Appendable print(java.lang.StringBuilder,java.time.temporal.TemporalAccessor,char,java.util.Locale)>	java.time.temporal.TemporalAccessor	<java.util.Formatter$FormatSpecifier: java.lang.Appendable print(java.lang.StringBuilder,java.time.temporal.TemporalAccessor,char,java.util.Locale)>/java.util.Formatter$FormatSpecifier.print/10
<java.util.Formatter$FormatSpecifier: java.lang.Appendable print(java.lang.StringBuilder,java.time.temporal.TemporalAccessor,char,java.util.Locale)>	java.time.temporal.TemporalAccessor	<java.util.Formatter$FormatSpecifier: java.lang.Appendable print(java.lang.StringBuilder,java.time.temporal.TemporalAccessor,char,java.util.Locale)>/java.util.Formatter$FormatSpecifier.print/11
<java.util.Formatter$FormatSpecifier: java.lang.Appendable print(java.lang.StringBuilder,java.time.temporal.TemporalAccessor,char,java.util.Locale)>	java.time.temporal.TemporalAccessor	<java.util.Formatter$FormatSpecifier: java.lang.Appendable print(java.lang.StringBuilder,java.time.temporal.TemporalAccessor,char,java.util.Locale)>/java.util.Formatter$FormatSpecifier.print/12
<java.util.Formatter$FormatSpecifier: java.lang.Appendable print(java.lang.StringBuilder,java.time.temporal.TemporalAccessor,char,java.util.Locale)>	java.time.temporal.TemporalAccessor	<java.util.Formatter$FormatSpecifier: java.lang.Appendable print(java.lang.StringBuilder,java.time.temporal.TemporalAccessor,char,java.util.Locale)>/java.util.Formatter$FormatSpecifier.print/13
<java.util.Formatter$FormatSpecifier: java.lang.Appendable print(java.lang.StringBuilder,java.time.temporal.TemporalAccessor,char,java.util.Locale)>	java.time.temporal.TemporalAccessor	<java.util.Formatter$FormatSpecifier: java.lang.Appendable print(java.lang.StringBuilder,java.time.temporal.TemporalAccessor,char,java.util.Locale)>/java.util.Formatter$FormatSpecifier.print/14
<java.util.Formatter$FormatSpecifier: java.lang.Appendable print(java.lang.StringBuilder,java.time.temporal.TemporalAccessor,char,java.util.Locale)>	java.time.temporal.TemporalAccessor	<java.util.Formatter$FormatSpecifier: java.lang.Appendable print(java.lang.StringBuilder,java.time.temporal.TemporalAccessor,char,java.util.Locale)>/java.util.Formatter$FormatSpecifier.print/15
<java.util.Formatter$FormatSpecifier: java.lang.Appendable print(java.lang.StringBuilder,java.time.temporal.TemporalAccessor,char,java.util.Locale)>	java.time.temporal.TemporalAccessor	<java.util.Formatter$FormatSpecifier: java.lang.Appendable print(java.lang.StringBuilder,java.time.temporal.TemporalAccessor,char,java.util.Locale)>/java.util.Formatter$FormatSpecifier.print/16
<java.util.Formatter$FormatSpecifier: java.lang.Appendable print(java.lang.StringBuilder,java.time.temporal.TemporalAccessor,char,java.util.Locale)>	java.time.temporal.TemporalAccessor	<java.util.Formatter$FormatSpecifier: java.lang.Appendable print(java.lang.StringBuilder,java.time.temporal.TemporalAccessor,char,java.util.Locale)>/java.util.Formatter$FormatSpecifier.print/17
<java.util.Formatter$FormatSpecifier: java.lang.Appendable print(java.lang.StringBuilder,java.time.temporal.TemporalAccessor,char,java.util.Locale)>	java.time.temporal.TemporalAccessor	<java.util.Formatter$FormatSpecifier: java.lang.Appendable print(java.lang.StringBuilder,java.time.temporal.TemporalAccessor,char,java.util.Locale)>/java.util.Formatter$FormatSpecifier.print/18
<sun.security.provider.X509Factory: int readBERInternal(java.io.InputStream,java.io.ByteArrayOutputStream,int)>	java.io.InputStream	<sun.security.provider.X509Factory: int readBERInternal(java.io.InputStream,java.io.ByteArrayOutputStream,int)>/sun.security.provider.X509Factory.readBERInternal/0
<java.lang.ClassLoader: java.lang.Class loadClass(java.lang.String,boolean)>	java.lang.String	<java.lang.ClassLoader: java.lang.Class loadClass(java.lang.String,boolean)>/java.lang.ClassLoader.loadClass/0
<java.lang.ClassLoader: java.util.Enumeration getResources(java.lang.String)>	java.lang.String	<java.lang.ClassLoader: java.util.Enumeration getResources(java.lang.String)>/java.lang.ClassLoader.getResources/0
<java.lang.Class: java.lang.reflect.Field getField0(java.lang.String)>	java.lang.String	<java.lang.Class: java.lang.reflect.Field getField0(java.lang.String)>/java.lang.Class.getField0/0
<java.lang.Class: java.lang.reflect.Field getField0(java.lang.String)>	java.lang.String	<java.lang.Class: java.lang.reflect.Field getField0(java.lang.String)>/java.lang.Class.getField0/1
<sun.misc.ExtensionInfo: int strictCompareExtensionVersion(java.lang.String,java.lang.String)>	java.lang.String	<sun.misc.ExtensionInfo: int strictCompareExtensionVersion(java.lang.String,java.lang.String)>/sun.misc.ExtensionInfo.strictCompareExtensionVersion/0
<sun.security.ssl.KerberosClientKeyExchange: void init(java.lang.String,java.security.AccessControlContext,sun.security.ssl.ProtocolVersion,java.security.SecureRandom)>	java.lang.String	<sun.security.ssl.KerberosClientKeyExchange: void init(java.lang.String,java.security.AccessControlContext,sun.security.ssl.ProtocolVersion,java.security.SecureRandom)>/sun.security.ssl.KerberosClientKeyExchange.init/0
<sun.security.ssl.KerberosClientKeyExchange: void init(java.lang.String,java.security.AccessControlContext,sun.security.ssl.ProtocolVersion,java.security.SecureRandom)>	sun.security.ssl.ProtocolVersion	<sun.security.ssl.KerberosClientKeyExchange: void init(java.lang.String,java.security.AccessControlContext,sun.security.ssl.ProtocolVersion,java.security.SecureRandom)>/sun.security.ssl.KerberosClientKeyExchange.init/0
<sun.security.ssl.KerberosClientKeyExchange: void init(java.lang.String,java.security.AccessControlContext,sun.security.ssl.ProtocolVersion,java.security.SecureRandom)>	java.security.SecureRandom	<sun.security.ssl.KerberosClientKeyExchange: void init(java.lang.String,java.security.AccessControlContext,sun.security.ssl.ProtocolVersion,java.security.SecureRandom)>/sun.security.ssl.KerberosClientKeyExchange.init/0
<sun.security.ssl.KerberosClientKeyExchange: void init(sun.security.ssl.ProtocolVersion,sun.security.ssl.ProtocolVersion,java.security.SecureRandom,sun.security.ssl.HandshakeInStream,java.security.AccessControlContext,java.lang.Object)>	sun.security.ssl.ProtocolVersion	<sun.security.ssl.KerberosClientKeyExchange: void init(sun.security.ssl.ProtocolVersion,sun.security.ssl.ProtocolVersion,java.security.SecureRandom,sun.security.ssl.HandshakeInStream,java.security.AccessControlContext,java.lang.Object)>/sun.security.ssl.KerberosClientKeyExchange.init/0
<sun.security.ssl.KerberosClientKeyExchange: void init(sun.security.ssl.ProtocolVersion,sun.security.ssl.ProtocolVersion,java.security.SecureRandom,sun.security.ssl.HandshakeInStream,java.security.AccessControlContext,java.lang.Object)>	java.security.SecureRandom	<sun.security.ssl.KerberosClientKeyExchange: void init(sun.security.ssl.ProtocolVersion,sun.security.ssl.ProtocolVersion,java.security.SecureRandom,sun.security.ssl.HandshakeInStream,java.security.AccessControlContext,java.lang.Object)>/sun.security.ssl.KerberosClientKeyExchange.init/0
<java.lang.invoke.MethodHandleImpl: java.lang.invoke.MethodHandle throwException(java.lang.invoke.MethodType)>	java.lang.invoke.MethodType	<java.lang.invoke.MethodHandleImpl: java.lang.invoke.MethodHandle throwException(java.lang.invoke.MethodType)>/java.lang.invoke.MethodHandleImpl.throwException/0
<java.util.concurrent.ConcurrentHashMap$TreeNode: java.util.concurrent.ConcurrentHashMap$TreeNode findTreeNode(int,java.lang.Object,java.lang.Class)>	java.lang.Class	<java.util.concurrent.ConcurrentHashMap$TreeNode: java.util.concurrent.ConcurrentHashMap$TreeNode findTreeNode(int,java.lang.Object,java.lang.Class)>/java.util.concurrent.ConcurrentHashMap$TreeNode.findTreeNode/0
<jdk.internal.org.objectweb.asm.FieldVisitor: jdk.internal.org.objectweb.asm.AnnotationVisitor visitAnnotation(java.lang.String,boolean)>	java.lang.String	<jdk.internal.org.objectweb.asm.FieldVisitor: jdk.internal.org.objectweb.asm.AnnotationVisitor visitAnnotation(java.lang.String,boolean)>/jdk.internal.org.objectweb.asm.FieldVisitor.visitAnnotation/0
<jdk.internal.org.objectweb.asm.FieldVisitor: jdk.internal.org.objectweb.asm.AnnotationVisitor visitTypeAnnotation(int,jdk.internal.org.objectweb.asm.TypePath,java.lang.String,boolean)>	java.lang.String	<jdk.internal.org.objectweb.asm.FieldVisitor: jdk.internal.org.objectweb.asm.AnnotationVisitor visitTypeAnnotation(int,jdk.internal.org.objectweb.asm.TypePath,java.lang.String,boolean)>/jdk.internal.org.objectweb.asm.FieldVisitor.visitTypeAnnotation/0
<org.mvel2.ast.IfNode: java.lang.Object getReducedValueAccelerated(java.lang.Object,java.lang.Object,org.mvel2.integration.VariableResolverFactory)>	org.mvel2.integration.VariableResolverFactory	<org.mvel2.ast.IfNode: java.lang.Object getReducedValueAccelerated(java.lang.Object,java.lang.Object,org.mvel2.integration.VariableResolverFactory)>/org.mvel2.ast.IfNode.getReducedValueAccelerated/0
<org.mvel2.ast.IfNode: java.lang.Object getReducedValue(java.lang.Object,java.lang.Object,org.mvel2.integration.VariableResolverFactory)>	org.mvel2.integration.VariableResolverFactory	<org.mvel2.ast.IfNode: java.lang.Object getReducedValue(java.lang.Object,java.lang.Object,org.mvel2.integration.VariableResolverFactory)>/org.mvel2.ast.IfNode.getReducedValue/0
<org.mvel2.compiler.CompiledAccExpression: java.lang.Object getValue(java.lang.Object,org.mvel2.integration.VariableResolverFactory)>	org.mvel2.integration.VariableResolverFactory	<org.mvel2.compiler.CompiledAccExpression: java.lang.Object getValue(java.lang.Object,org.mvel2.integration.VariableResolverFactory)>/org.mvel2.compiler.CompiledAccExpression.getValue/0
<org.mvel2.compiler.CompiledAccExpression: java.lang.Object getValue(java.lang.Object,java.lang.Object,org.mvel2.integration.VariableResolverFactory)>	org.mvel2.integration.VariableResolverFactory	<org.mvel2.compiler.CompiledAccExpression: java.lang.Object getValue(java.lang.Object,java.lang.Object,org.mvel2.integration.VariableResolverFactory)>/org.mvel2.compiler.CompiledAccExpression.getValue/0
<org.mvel2.optimizers.impl.refl.nodes.FieldAccessor: java.lang.Object setValue(java.lang.Object,java.lang.Object,org.mvel2.integration.VariableResolverFactory,java.lang.Object)>	org.mvel2.integration.VariableResolverFactory	<org.mvel2.optimizers.impl.refl.nodes.FieldAccessor: java.lang.Object setValue(java.lang.Object,java.lang.Object,org.mvel2.integration.VariableResolverFactory,java.lang.Object)>/org.mvel2.optimizers.impl.refl.nodes.FieldAccessor.setValue/0
<sun.text.normalizer.Utility: int unescapeAt(java.lang.String,int[])>	java.lang.String	<sun.text.normalizer.Utility: int unescapeAt(java.lang.String,int[])>/sun.text.normalizer.Utility.unescapeAt/0
<java.lang.Throwable: void printEnclosedStackTrace(java.lang.Throwable$PrintStreamOrWriter,java.lang.StackTraceElement[],java.lang.String,java.lang.String,java.util.Set)>	java.lang.String	<java.lang.Throwable: void printEnclosedStackTrace(java.lang.Throwable$PrintStreamOrWriter,java.lang.StackTraceElement[],java.lang.String,java.lang.String,java.util.Set)>/java.lang.Throwable.printEnclosedStackTrace/0
<java.lang.Throwable: void printEnclosedStackTrace(java.lang.Throwable$PrintStreamOrWriter,java.lang.StackTraceElement[],java.lang.String,java.lang.String,java.util.Set)>	java.lang.String	<java.lang.Throwable: void printEnclosedStackTrace(java.lang.Throwable$PrintStreamOrWriter,java.lang.StackTraceElement[],java.lang.String,java.lang.String,java.util.Set)>/java.lang.Throwable.printEnclosedStackTrace/1
<java.lang.Throwable: void printEnclosedStackTrace(java.lang.Throwable$PrintStreamOrWriter,java.lang.StackTraceElement[],java.lang.String,java.lang.String,java.util.Set)>	java.util.Set	<java.lang.Throwable: void printEnclosedStackTrace(java.lang.Throwable$PrintStreamOrWriter,java.lang.StackTraceElement[],java.lang.String,java.lang.String,java.util.Set)>/java.lang.Throwable.printEnclosedStackTrace/0
<java.lang.Throwable: void printEnclosedStackTrace(java.lang.Throwable$PrintStreamOrWriter,java.lang.StackTraceElement[],java.lang.String,java.lang.String,java.util.Set)>	java.util.Set	<java.lang.Throwable: void printEnclosedStackTrace(java.lang.Throwable$PrintStreamOrWriter,java.lang.StackTraceElement[],java.lang.String,java.lang.String,java.util.Set)>/java.lang.Throwable.printEnclosedStackTrace/1
<org.mvel2.optimizers.impl.refl.nodes.SetterAccessor: java.lang.Object setValue(java.lang.Object,java.lang.Object,org.mvel2.integration.VariableResolverFactory,java.lang.Object)>	org.mvel2.integration.VariableResolverFactory	<org.mvel2.optimizers.impl.refl.nodes.SetterAccessor: java.lang.Object setValue(java.lang.Object,java.lang.Object,org.mvel2.integration.VariableResolverFactory,java.lang.Object)>/org.mvel2.optimizers.impl.refl.nodes.SetterAccessor.setValue/0
<org.mvel2.templates.TemplateRuntime: java.lang.Object eval(java.io.InputStream,java.lang.Object,org.mvel2.integration.VariableResolverFactory)>	org.mvel2.integration.VariableResolverFactory	<org.mvel2.templates.TemplateRuntime: java.lang.Object eval(java.io.InputStream,java.lang.Object,org.mvel2.integration.VariableResolverFactory)>/org.mvel2.templates.TemplateRuntime.eval/0
<org.mvel2.templates.TemplateRuntime: java.lang.Object eval(java.io.InputStream,java.lang.Object,org.mvel2.integration.VariableResolverFactory)>	java.io.InputStream	<org.mvel2.templates.TemplateRuntime: java.lang.Object eval(java.io.InputStream,java.lang.Object,org.mvel2.integration.VariableResolverFactory)>/org.mvel2.templates.TemplateRuntime.eval/0
<org.mvel2.DataConversion: boolean canConvert(java.lang.Class,java.lang.Class)>	java.lang.Class	<org.mvel2.DataConversion: boolean canConvert(java.lang.Class,java.lang.Class)>/org.mvel2.DataConversion.canConvert/0
<org.mvel2.asm.AnnotationVisitor: void visit(java.lang.String,java.lang.Object)>	java.lang.String	<org.mvel2.asm.AnnotationVisitor: void visit(java.lang.String,java.lang.Object)>/org.mvel2.asm.AnnotationVisitor.visit/0
<org.mvel2.asm.AnnotationVisitor: void visitEnum(java.lang.String,java.lang.String,java.lang.String)>	java.lang.String	<org.mvel2.asm.AnnotationVisitor: void visitEnum(java.lang.String,java.lang.String,java.lang.String)>/org.mvel2.asm.AnnotationVisitor.visitEnum/0
<org.mvel2.asm.AnnotationVisitor: org.mvel2.asm.AnnotationVisitor visitAnnotation(java.lang.String,java.lang.String)>	java.lang.String	<org.mvel2.asm.AnnotationVisitor: org.mvel2.asm.AnnotationVisitor visitAnnotation(java.lang.String,java.lang.String)>/org.mvel2.asm.AnnotationVisitor.visitAnnotation/0
<org.mvel2.asm.AnnotationVisitor: org.mvel2.asm.AnnotationVisitor visitArray(java.lang.String)>	java.lang.String	<org.mvel2.asm.AnnotationVisitor: org.mvel2.asm.AnnotationVisitor visitArray(java.lang.String)>/org.mvel2.asm.AnnotationVisitor.visitArray/0
<org.mvel2.compiler.CompiledExpression: java.lang.Object getValue(java.lang.Object,org.mvel2.integration.VariableResolverFactory)>	org.mvel2.integration.VariableResolverFactory	<org.mvel2.compiler.CompiledExpression: java.lang.Object getValue(java.lang.Object,org.mvel2.integration.VariableResolverFactory)>/org.mvel2.compiler.CompiledExpression.getValue/0
<org.mvel2.asm.signature.SignatureReader: int parseType(java.lang.String,int,org.mvel2.asm.signature.SignatureVisitor)>	java.lang.String	<org.mvel2.asm.signature.SignatureReader: int parseType(java.lang.String,int,org.mvel2.asm.signature.SignatureVisitor)>/org.mvel2.asm.signature.SignatureReader.parseType/0
<org.mvel2.asm.signature.SignatureReader: int parseType(java.lang.String,int,org.mvel2.asm.signature.SignatureVisitor)>	java.lang.String	<org.mvel2.asm.signature.SignatureReader: int parseType(java.lang.String,int,org.mvel2.asm.signature.SignatureVisitor)>/org.mvel2.asm.signature.SignatureReader.parseType/1
<org.mvel2.asm.signature.SignatureReader: int parseType(java.lang.String,int,org.mvel2.asm.signature.SignatureVisitor)>	java.lang.String	<org.mvel2.asm.signature.SignatureReader: int parseType(java.lang.String,int,org.mvel2.asm.signature.SignatureVisitor)>/org.mvel2.asm.signature.SignatureReader.parseType/2
<sun.reflect.AccessorGenerator: java.lang.String getClassName(java.lang.Class,boolean)>	java.lang.Class	<sun.reflect.AccessorGenerator: java.lang.String getClassName(java.lang.Class,boolean)>/sun.reflect.AccessorGenerator.getClassName/0
<org.mvel2.asm.FieldVisitor: org.mvel2.asm.AnnotationVisitor visitAnnotation(java.lang.String,boolean)>	java.lang.String	<org.mvel2.asm.FieldVisitor: org.mvel2.asm.AnnotationVisitor visitAnnotation(java.lang.String,boolean)>/org.mvel2.asm.FieldVisitor.visitAnnotation/0
<org.mvel2.asm.FieldVisitor: org.mvel2.asm.AnnotationVisitor visitTypeAnnotation(int,org.mvel2.asm.TypePath,java.lang.String,boolean)>	java.lang.String	<org.mvel2.asm.FieldVisitor: org.mvel2.asm.AnnotationVisitor visitTypeAnnotation(int,org.mvel2.asm.TypePath,java.lang.String,boolean)>/org.mvel2.asm.FieldVisitor.visitTypeAnnotation/0
<org.mvel2.optimizers.impl.refl.nodes.ConstructorAccessor: java.lang.Object getValue(java.lang.Object,java.lang.Object,org.mvel2.integration.VariableResolverFactory)>	org.mvel2.integration.VariableResolverFactory	<org.mvel2.optimizers.impl.refl.nodes.ConstructorAccessor: java.lang.Object getValue(java.lang.Object,java.lang.Object,org.mvel2.integration.VariableResolverFactory)>/org.mvel2.optimizers.impl.refl.nodes.ConstructorAccessor.getValue/0
<sun.util.locale.provider.TimeZoneNameUtility$TimeZoneNameGetter: java.lang.String examineAliases(java.util.spi.TimeZoneNameProvider,java.util.Locale,java.lang.String,java.lang.String,int,java.util.Map)>	java.lang.String	<sun.util.locale.provider.TimeZoneNameUtility$TimeZoneNameGetter: java.lang.String examineAliases(java.util.spi.TimeZoneNameProvider,java.util.Locale,java.lang.String,java.lang.String,int,java.util.Map)>/sun.util.locale.provider.TimeZoneNameUtility$TimeZoneNameGetter.examineAliases/0
<sun.util.locale.provider.TimeZoneNameUtility$TimeZoneNameGetter: java.lang.String examineAliases(java.util.spi.TimeZoneNameProvider,java.util.Locale,java.lang.String,java.lang.String,int,java.util.Map)>	java.util.Map	<sun.util.locale.provider.TimeZoneNameUtility$TimeZoneNameGetter: java.lang.String examineAliases(java.util.spi.TimeZoneNameProvider,java.util.Locale,java.lang.String,java.lang.String,int,java.util.Map)>/sun.util.locale.provider.TimeZoneNameUtility$TimeZoneNameGetter.examineAliases/0
<sun.util.locale.provider.TimeZoneNameUtility$TimeZoneNameGetter: java.lang.String examineAliases(java.util.spi.TimeZoneNameProvider,java.util.Locale,java.lang.String,java.lang.String,int,java.util.Map)>	java.util.spi.TimeZoneNameProvider	<sun.util.locale.provider.TimeZoneNameUtility$TimeZoneNameGetter: java.lang.String examineAliases(java.util.spi.TimeZoneNameProvider,java.util.Locale,java.lang.String,java.lang.String,int,java.util.Map)>/sun.util.locale.provider.TimeZoneNameUtility$TimeZoneNameGetter.examineAliases/0
<org.mvel2.optimizers.impl.refl.ReflectiveAccessorOptimizer: org.mvel2.compiler.Accessor _getAccessor(java.lang.Object,java.lang.Class)>	java.lang.Class	<org.mvel2.optimizers.impl.refl.ReflectiveAccessorOptimizer: org.mvel2.compiler.Accessor _getAccessor(java.lang.Object,java.lang.Class)>/org.mvel2.optimizers.impl.refl.ReflectiveAccessorOptimizer._getAccessor/0
<org.mvel2.optimizers.impl.refl.ReflectiveAccessorOptimizer: org.mvel2.compiler.Accessor _getAccessor(java.lang.Object,java.lang.Class)>	java.lang.Class	<org.mvel2.optimizers.impl.refl.ReflectiveAccessorOptimizer: org.mvel2.compiler.Accessor _getAccessor(java.lang.Object,java.lang.Class)>/org.mvel2.optimizers.impl.refl.ReflectiveAccessorOptimizer._getAccessor/1
<org.mvel2.optimizers.impl.refl.ReflectiveAccessorOptimizer: org.mvel2.compiler.Accessor _getAccessor(java.lang.Object,java.lang.Class)>	java.lang.Class	<org.mvel2.optimizers.impl.refl.ReflectiveAccessorOptimizer: org.mvel2.compiler.Accessor _getAccessor(java.lang.Object,java.lang.Class)>/org.mvel2.optimizers.impl.refl.ReflectiveAccessorOptimizer._getAccessor/2
<org.mvel2.optimizers.impl.refl.ReflectiveAccessorOptimizer: org.mvel2.compiler.Accessor _getAccessor(java.lang.Object,java.lang.Class)>	java.lang.Class	<org.mvel2.optimizers.impl.refl.ReflectiveAccessorOptimizer: org.mvel2.compiler.Accessor _getAccessor(java.lang.Object,java.lang.Class)>/org.mvel2.optimizers.impl.refl.ReflectiveAccessorOptimizer._getAccessor/3
<java.time.temporal.WeekFields$ComputedDayOfField: int localizedWeekOfWeekBasedYear(java.time.temporal.TemporalAccessor)>	java.time.temporal.TemporalAccessor	<java.time.temporal.WeekFields$ComputedDayOfField: int localizedWeekOfWeekBasedYear(java.time.temporal.TemporalAccessor)>/java.time.temporal.WeekFields$ComputedDayOfField.localizedWeekOfWeekBasedYear/0
<java.time.temporal.WeekFields$ComputedDayOfField: java.time.temporal.ValueRange rangeWeekOfWeekBasedYear(java.time.temporal.TemporalAccessor)>	java.time.temporal.TemporalAccessor	<java.time.temporal.WeekFields$ComputedDayOfField: java.time.temporal.ValueRange rangeWeekOfWeekBasedYear(java.time.temporal.TemporalAccessor)>/java.time.temporal.WeekFields$ComputedDayOfField.rangeWeekOfWeekBasedYear/0
<java.time.temporal.WeekFields$ComputedDayOfField: java.time.temporal.ValueRange rangeWeekOfWeekBasedYear(java.time.temporal.TemporalAccessor)>	java.time.temporal.TemporalAccessor	<java.time.temporal.WeekFields$ComputedDayOfField: java.time.temporal.ValueRange rangeWeekOfWeekBasedYear(java.time.temporal.TemporalAccessor)>/java.time.temporal.WeekFields$ComputedDayOfField.rangeWeekOfWeekBasedYear/1
<jdk.internal.org.objectweb.asm.MethodVisitor: void visitParameter(java.lang.String,int)>	java.lang.String	<jdk.internal.org.objectweb.asm.MethodVisitor: void visitParameter(java.lang.String,int)>/jdk.internal.org.objectweb.asm.MethodVisitor.visitParameter/0
<jdk.internal.org.objectweb.asm.MethodVisitor: jdk.internal.org.objectweb.asm.AnnotationVisitor visitAnnotation(java.lang.String,boolean)>	java.lang.String	<jdk.internal.org.objectweb.asm.MethodVisitor: jdk.internal.org.objectweb.asm.AnnotationVisitor visitAnnotation(java.lang.String,boolean)>/jdk.internal.org.objectweb.asm.MethodVisitor.visitAnnotation/0
<jdk.internal.org.objectweb.asm.MethodVisitor: jdk.internal.org.objectweb.asm.AnnotationVisitor visitTypeAnnotation(int,jdk.internal.org.objectweb.asm.TypePath,java.lang.String,boolean)>	java.lang.String	<jdk.internal.org.objectweb.asm.MethodVisitor: jdk.internal.org.objectweb.asm.AnnotationVisitor visitTypeAnnotation(int,jdk.internal.org.objectweb.asm.TypePath,java.lang.String,boolean)>/jdk.internal.org.objectweb.asm.MethodVisitor.visitTypeAnnotation/0
<jdk.internal.org.objectweb.asm.MethodVisitor: jdk.internal.org.objectweb.asm.AnnotationVisitor visitParameterAnnotation(int,java.lang.String,boolean)>	java.lang.String	<jdk.internal.org.objectweb.asm.MethodVisitor: jdk.internal.org.objectweb.asm.AnnotationVisitor visitParameterAnnotation(int,java.lang.String,boolean)>/jdk.internal.org.objectweb.asm.MethodVisitor.visitParameterAnnotation/0
<jdk.internal.org.objectweb.asm.MethodVisitor: void visitTypeInsn(int,java.lang.String)>	java.lang.String	<jdk.internal.org.objectweb.asm.MethodVisitor: void visitTypeInsn(int,java.lang.String)>/jdk.internal.org.objectweb.asm.MethodVisitor.visitTypeInsn/0
<jdk.internal.org.objectweb.asm.MethodVisitor: void visitFieldInsn(int,java.lang.String,java.lang.String,java.lang.String)>	java.lang.String	<jdk.internal.org.objectweb.asm.MethodVisitor: void visitFieldInsn(int,java.lang.String,java.lang.String,java.lang.String)>/jdk.internal.org.objectweb.asm.MethodVisitor.visitFieldInsn/0
<jdk.internal.org.objectweb.asm.MethodVisitor: void visitMethodInsn(int,java.lang.String,java.lang.String,java.lang.String)>	java.lang.String	<jdk.internal.org.objectweb.asm.MethodVisitor: void visitMethodInsn(int,java.lang.String,java.lang.String,java.lang.String)>/jdk.internal.org.objectweb.asm.MethodVisitor.visitMethodInsn/1
<jdk.internal.org.objectweb.asm.MethodVisitor: void visitMethodInsn(int,java.lang.String,java.lang.String,java.lang.String,boolean)>	java.lang.String	<jdk.internal.org.objectweb.asm.MethodVisitor: void visitMethodInsn(int,java.lang.String,java.lang.String,java.lang.String,boolean)>/jdk.internal.org.objectweb.asm.MethodVisitor.visitMethodInsn/1
<jdk.internal.org.objectweb.asm.MethodVisitor: void visitInvokeDynamicInsn(java.lang.String,java.lang.String,jdk.internal.org.objectweb.asm.Handle,java.lang.Object[])>	java.lang.String	<jdk.internal.org.objectweb.asm.MethodVisitor: void visitInvokeDynamicInsn(java.lang.String,java.lang.String,jdk.internal.org.objectweb.asm.Handle,java.lang.Object[])>/jdk.internal.org.objectweb.asm.MethodVisitor.visitInvokeDynamicInsn/0
<jdk.internal.org.objectweb.asm.MethodVisitor: void visitMultiANewArrayInsn(java.lang.String,int)>	java.lang.String	<jdk.internal.org.objectweb.asm.MethodVisitor: void visitMultiANewArrayInsn(java.lang.String,int)>/jdk.internal.org.objectweb.asm.MethodVisitor.visitMultiANewArrayInsn/0
<jdk.internal.org.objectweb.asm.MethodVisitor: jdk.internal.org.objectweb.asm.AnnotationVisitor visitInsnAnnotation(int,jdk.internal.org.objectweb.asm.TypePath,java.lang.String,boolean)>	java.lang.String	<jdk.internal.org.objectweb.asm.MethodVisitor: jdk.internal.org.objectweb.asm.AnnotationVisitor visitInsnAnnotation(int,jdk.internal.org.objectweb.asm.TypePath,java.lang.String,boolean)>/jdk.internal.org.objectweb.asm.MethodVisitor.visitInsnAnnotation/0
<jdk.internal.org.objectweb.asm.MethodVisitor: void visitTryCatchBlock(jdk.internal.org.objectweb.asm.Label,jdk.internal.org.objectweb.asm.Label,jdk.internal.org.objectweb.asm.Label,java.lang.String)>	java.lang.String	<jdk.internal.org.objectweb.asm.MethodVisitor: void visitTryCatchBlock(jdk.internal.org.objectweb.asm.Label,jdk.internal.org.objectweb.asm.Label,jdk.internal.org.objectweb.asm.Label,java.lang.String)>/jdk.internal.org.objectweb.asm.MethodVisitor.visitTryCatchBlock/0
<jdk.internal.org.objectweb.asm.MethodVisitor: jdk.internal.org.objectweb.asm.AnnotationVisitor visitTryCatchAnnotation(int,jdk.internal.org.objectweb.asm.TypePath,java.lang.String,boolean)>	java.lang.String	<jdk.internal.org.objectweb.asm.MethodVisitor: jdk.internal.org.objectweb.asm.AnnotationVisitor visitTryCatchAnnotation(int,jdk.internal.org.objectweb.asm.TypePath,java.lang.String,boolean)>/jdk.internal.org.objectweb.asm.MethodVisitor.visitTryCatchAnnotation/0
<jdk.internal.org.objectweb.asm.MethodVisitor: void visitLocalVariable(java.lang.String,java.lang.String,java.lang.String,jdk.internal.org.objectweb.asm.Label,jdk.internal.org.objectweb.asm.Label,int)>	java.lang.String	<jdk.internal.org.objectweb.asm.MethodVisitor: void visitLocalVariable(java.lang.String,java.lang.String,java.lang.String,jdk.internal.org.objectweb.asm.Label,jdk.internal.org.objectweb.asm.Label,int)>/jdk.internal.org.objectweb.asm.MethodVisitor.visitLocalVariable/0
<jdk.internal.org.objectweb.asm.MethodVisitor: jdk.internal.org.objectweb.asm.AnnotationVisitor visitLocalVariableAnnotation(int,jdk.internal.org.objectweb.asm.TypePath,jdk.internal.org.objectweb.asm.Label[],jdk.internal.org.objectweb.asm.Label[],int[],java.lang.String,boolean)>	java.lang.String	<jdk.internal.org.objectweb.asm.MethodVisitor: jdk.internal.org.objectweb.asm.AnnotationVisitor visitLocalVariableAnnotation(int,jdk.internal.org.objectweb.asm.TypePath,jdk.internal.org.objectweb.asm.Label[],jdk.internal.org.objectweb.asm.Label[],int[],java.lang.String,boolean)>/jdk.internal.org.objectweb.asm.MethodVisitor.visitLocalVariableAnnotation/0
<org.mvel2.util.ASTBinaryTree: org.mvel2.util.ASTBinaryTree append(org.mvel2.ast.ASTNode)>	org.mvel2.ast.ASTNode	<org.mvel2.util.ASTBinaryTree: org.mvel2.util.ASTBinaryTree append(org.mvel2.ast.ASTNode)>/org.mvel2.util.ASTBinaryTree.append/0
<org.mvel2.optimizers.impl.refl.nodes.FieldAccessorNH: java.lang.Object setValue(java.lang.Object,java.lang.Object,org.mvel2.integration.VariableResolverFactory,java.lang.Object)>	org.mvel2.integration.VariableResolverFactory	<org.mvel2.optimizers.impl.refl.nodes.FieldAccessorNH: java.lang.Object setValue(java.lang.Object,java.lang.Object,org.mvel2.integration.VariableResolverFactory,java.lang.Object)>/org.mvel2.optimizers.impl.refl.nodes.FieldAccessorNH.setValue/0
<sun.util.resources.LocaleData: boolean setSupplementary(java.lang.String,sun.util.resources.ParallelListResourceBundle)>	java.lang.String	<sun.util.resources.LocaleData: boolean setSupplementary(java.lang.String,sun.util.resources.ParallelListResourceBundle)>/sun.util.resources.LocaleData.setSupplementary/0
<sun.util.resources.LocaleData: boolean setSupplementary(java.lang.String,sun.util.resources.ParallelListResourceBundle)>	sun.util.resources.ParallelListResourceBundle	<sun.util.resources.LocaleData: boolean setSupplementary(java.lang.String,sun.util.resources.ParallelListResourceBundle)>/sun.util.resources.LocaleData.setSupplementary/0
<org.mvel2.asm.MethodVisitor: void visitParameter(java.lang.String,int)>	java.lang.String	<org.mvel2.asm.MethodVisitor: void visitParameter(java.lang.String,int)>/org.mvel2.asm.MethodVisitor.visitParameter/0
<org.mvel2.asm.MethodVisitor: org.mvel2.asm.AnnotationVisitor visitAnnotation(java.lang.String,boolean)>	java.lang.String	<org.mvel2.asm.MethodVisitor: org.mvel2.asm.AnnotationVisitor visitAnnotation(java.lang.String,boolean)>/org.mvel2.asm.MethodVisitor.visitAnnotation/0
<org.mvel2.asm.MethodVisitor: org.mvel2.asm.AnnotationVisitor visitTypeAnnotation(int,org.mvel2.asm.TypePath,java.lang.String,boolean)>	java.lang.String	<org.mvel2.asm.MethodVisitor: org.mvel2.asm.AnnotationVisitor visitTypeAnnotation(int,org.mvel2.asm.TypePath,java.lang.String,boolean)>/org.mvel2.asm.MethodVisitor.visitTypeAnnotation/0
<org.mvel2.asm.MethodVisitor: org.mvel2.asm.AnnotationVisitor visitParameterAnnotation(int,java.lang.String,boolean)>	java.lang.String	<org.mvel2.asm.MethodVisitor: org.mvel2.asm.AnnotationVisitor visitParameterAnnotation(int,java.lang.String,boolean)>/org.mvel2.asm.MethodVisitor.visitParameterAnnotation/0
<org.mvel2.asm.MethodVisitor: void visitTypeInsn(int,java.lang.String)>	java.lang.String	<org.mvel2.asm.MethodVisitor: void visitTypeInsn(int,java.lang.String)>/org.mvel2.asm.MethodVisitor.visitTypeInsn/0
<org.mvel2.asm.MethodVisitor: void visitFieldInsn(int,java.lang.String,java.lang.String,java.lang.String)>	java.lang.String	<org.mvel2.asm.MethodVisitor: void visitFieldInsn(int,java.lang.String,java.lang.String,java.lang.String)>/org.mvel2.asm.MethodVisitor.visitFieldInsn/0
<org.mvel2.asm.MethodVisitor: void visitMethodInsn(int,java.lang.String,java.lang.String,java.lang.String)>	java.lang.String	<org.mvel2.asm.MethodVisitor: void visitMethodInsn(int,java.lang.String,java.lang.String,java.lang.String)>/org.mvel2.asm.MethodVisitor.visitMethodInsn/1
<org.mvel2.asm.MethodVisitor: void visitMethodInsn(int,java.lang.String,java.lang.String,java.lang.String,boolean)>	java.lang.String	<org.mvel2.asm.MethodVisitor: void visitMethodInsn(int,java.lang.String,java.lang.String,java.lang.String,boolean)>/org.mvel2.asm.MethodVisitor.visitMethodInsn/1
<org.mvel2.asm.MethodVisitor: void visitInvokeDynamicInsn(java.lang.String,java.lang.String,org.mvel2.asm.Handle,java.lang.Object[])>	java.lang.String	<org.mvel2.asm.MethodVisitor: void visitInvokeDynamicInsn(java.lang.String,java.lang.String,org.mvel2.asm.Handle,java.lang.Object[])>/org.mvel2.asm.MethodVisitor.visitInvokeDynamicInsn/0
<org.mvel2.asm.MethodVisitor: void visitMultiANewArrayInsn(java.lang.String,int)>	java.lang.String	<org.mvel2.asm.MethodVisitor: void visitMultiANewArrayInsn(java.lang.String,int)>/org.mvel2.asm.MethodVisitor.visitMultiANewArrayInsn/0
<org.mvel2.asm.MethodVisitor: org.mvel2.asm.AnnotationVisitor visitInsnAnnotation(int,org.mvel2.asm.TypePath,java.lang.String,boolean)>	java.lang.String	<org.mvel2.asm.MethodVisitor: org.mvel2.asm.AnnotationVisitor visitInsnAnnotation(int,org.mvel2.asm.TypePath,java.lang.String,boolean)>/org.mvel2.asm.MethodVisitor.visitInsnAnnotation/0
<org.mvel2.asm.MethodVisitor: void visitTryCatchBlock(org.mvel2.asm.Label,org.mvel2.asm.Label,org.mvel2.asm.Label,java.lang.String)>	java.lang.String	<org.mvel2.asm.MethodVisitor: void visitTryCatchBlock(org.mvel2.asm.Label,org.mvel2.asm.Label,org.mvel2.asm.Label,java.lang.String)>/org.mvel2.asm.MethodVisitor.visitTryCatchBlock/0
<org.mvel2.asm.MethodVisitor: org.mvel2.asm.AnnotationVisitor visitTryCatchAnnotation(int,org.mvel2.asm.TypePath,java.lang.String,boolean)>	java.lang.String	<org.mvel2.asm.MethodVisitor: org.mvel2.asm.AnnotationVisitor visitTryCatchAnnotation(int,org.mvel2.asm.TypePath,java.lang.String,boolean)>/org.mvel2.asm.MethodVisitor.visitTryCatchAnnotation/0
<org.mvel2.asm.MethodVisitor: void visitLocalVariable(java.lang.String,java.lang.String,java.lang.String,org.mvel2.asm.Label,org.mvel2.asm.Label,int)>	java.lang.String	<org.mvel2.asm.MethodVisitor: void visitLocalVariable(java.lang.String,java.lang.String,java.lang.String,org.mvel2.asm.Label,org.mvel2.asm.Label,int)>/org.mvel2.asm.MethodVisitor.visitLocalVariable/0
<org.mvel2.asm.MethodVisitor: org.mvel2.asm.AnnotationVisitor visitLocalVariableAnnotation(int,org.mvel2.asm.TypePath,org.mvel2.asm.Label[],org.mvel2.asm.Label[],int[],java.lang.String,boolean)>	java.lang.String	<org.mvel2.asm.MethodVisitor: org.mvel2.asm.AnnotationVisitor visitLocalVariableAnnotation(int,org.mvel2.asm.TypePath,org.mvel2.asm.Label[],org.mvel2.asm.Label[],int[],java.lang.String,boolean)>/org.mvel2.asm.MethodVisitor.visitLocalVariableAnnotation/0
<java.util.regex.Pattern$Curly: boolean match0(java.util.regex.Matcher,int,int,java.lang.CharSequence)>	java.lang.CharSequence	<java.util.regex.Pattern$Curly: boolean match0(java.util.regex.Matcher,int,int,java.lang.CharSequence)>/java.util.regex.Pattern$Curly.match0/0
<java.util.regex.Pattern: java.lang.String produceEquivalentAlternation(java.lang.String)>	java.lang.String	<java.util.regex.Pattern: java.lang.String produceEquivalentAlternation(java.lang.String)>/java.util.regex.Pattern.produceEquivalentAlternation/0
<java.util.regex.Pattern: java.lang.String[] producePermutations(java.lang.String)>	java.lang.String	<java.util.regex.Pattern: java.lang.String[] producePermutations(java.lang.String)>/java.util.regex.Pattern.producePermutations/0
<java.util.regex.Pattern: void printObjectTree(java.util.regex.Pattern$Node)>	java.util.regex.Pattern$Node	<java.util.regex.Pattern: void printObjectTree(java.util.regex.Pattern$Node)>/java.util.regex.Pattern.printObjectTree/0
<java.util.regex.Pattern: void printObjectTree(java.util.regex.Pattern$Node)>	java.util.regex.Pattern$Node	<java.util.regex.Pattern: void printObjectTree(java.util.regex.Pattern$Node)>/java.util.regex.Pattern.printObjectTree/1
<java.util.regex.Pattern: void printObjectTree(java.util.regex.Pattern$Node)>	java.util.regex.Pattern$Node	<java.util.regex.Pattern: void printObjectTree(java.util.regex.Pattern$Node)>/java.util.regex.Pattern.printObjectTree/2
<java.util.regex.Pattern: void printObjectTree(java.util.regex.Pattern$Node)>	java.util.regex.Pattern$Node	<java.util.regex.Pattern: void printObjectTree(java.util.regex.Pattern$Node)>/java.util.regex.Pattern.printObjectTree/3
<org.mvel2.optimizers.impl.refl.nodes.MethodAccessor: java.lang.Object getValue(java.lang.Object,java.lang.Object,org.mvel2.integration.VariableResolverFactory)>	org.mvel2.integration.VariableResolverFactory	<org.mvel2.optimizers.impl.refl.nodes.MethodAccessor: java.lang.Object getValue(java.lang.Object,java.lang.Object,org.mvel2.integration.VariableResolverFactory)>/org.mvel2.optimizers.impl.refl.nodes.MethodAccessor.getValue/0
<org.mvel2.optimizers.impl.refl.nodes.MethodAccessorNH: java.lang.Object getValue(java.lang.Object,java.lang.Object,org.mvel2.integration.VariableResolverFactory)>	org.mvel2.integration.VariableResolverFactory	<org.mvel2.optimizers.impl.refl.nodes.MethodAccessorNH: java.lang.Object getValue(java.lang.Object,java.lang.Object,org.mvel2.integration.VariableResolverFactory)>/org.mvel2.optimizers.impl.refl.nodes.MethodAccessorNH.getValue/0
<jdk.internal.org.objectweb.asm.AnnotationVisitor: void visit(java.lang.String,java.lang.Object)>	java.lang.String	<jdk.internal.org.objectweb.asm.AnnotationVisitor: void visit(java.lang.String,java.lang.Object)>/jdk.internal.org.objectweb.asm.AnnotationVisitor.visit/0
<jdk.internal.org.objectweb.asm.AnnotationVisitor: void visitEnum(java.lang.String,java.lang.String,java.lang.String)>	java.lang.String	<jdk.internal.org.objectweb.asm.AnnotationVisitor: void visitEnum(java.lang.String,java.lang.String,java.lang.String)>/jdk.internal.org.objectweb.asm.AnnotationVisitor.visitEnum/0
<jdk.internal.org.objectweb.asm.AnnotationVisitor: jdk.internal.org.objectweb.asm.AnnotationVisitor visitAnnotation(java.lang.String,java.lang.String)>	java.lang.String	<jdk.internal.org.objectweb.asm.AnnotationVisitor: jdk.internal.org.objectweb.asm.AnnotationVisitor visitAnnotation(java.lang.String,java.lang.String)>/jdk.internal.org.objectweb.asm.AnnotationVisitor.visitAnnotation/0
<jdk.internal.org.objectweb.asm.AnnotationVisitor: jdk.internal.org.objectweb.asm.AnnotationVisitor visitArray(java.lang.String)>	java.lang.String	<jdk.internal.org.objectweb.asm.AnnotationVisitor: jdk.internal.org.objectweb.asm.AnnotationVisitor visitArray(java.lang.String)>/jdk.internal.org.objectweb.asm.AnnotationVisitor.visitArray/0
<org.mvel2.optimizers.impl.refl.nodes.MethodAccessor: java.lang.Object executeOverrideTarget(java.lang.reflect.Method,java.lang.Object,java.lang.Object,org.mvel2.integration.VariableResolverFactory)>	org.mvel2.integration.VariableResolverFactory	<org.mvel2.optimizers.impl.refl.nodes.MethodAccessor: java.lang.Object executeOverrideTarget(java.lang.reflect.Method,java.lang.Object,java.lang.Object,org.mvel2.integration.VariableResolverFactory)>/org.mvel2.optimizers.impl.refl.nodes.MethodAccessor.executeOverrideTarget/0
<org.mvel2.optimizers.impl.refl.nodes.MethodAccessor: java.lang.Object executeOverrideTarget(java.lang.reflect.Method,java.lang.Object,java.lang.Object,org.mvel2.integration.VariableResolverFactory)>	java.lang.reflect.Method	<org.mvel2.optimizers.impl.refl.nodes.MethodAccessor: java.lang.Object executeOverrideTarget(java.lang.reflect.Method,java.lang.Object,java.lang.Object,org.mvel2.integration.VariableResolverFactory)>/org.mvel2.optimizers.impl.refl.nodes.MethodAccessor.executeOverrideTarget/0
<org.mvel2.optimizers.impl.refl.nodes.MethodAccessor: java.lang.Object setValue(java.lang.Object,java.lang.Object,org.mvel2.integration.VariableResolverFactory,java.lang.Object)>	org.mvel2.integration.VariableResolverFactory	<org.mvel2.optimizers.impl.refl.nodes.MethodAccessor: java.lang.Object setValue(java.lang.Object,java.lang.Object,org.mvel2.integration.VariableResolverFactory,java.lang.Object)>/org.mvel2.optimizers.impl.refl.nodes.MethodAccessor.setValue/0
<java.util.Properties: java.lang.String getProperty(java.lang.String)>	java.lang.String	<java.util.Properties: java.lang.String getProperty(java.lang.String)>/java.util.Properties.getProperty/0
<java.time.format.DateTimeFormatterBuilder$PrefixTree: boolean add0(java.lang.String,java.lang.String)>	java.lang.String	<java.time.format.DateTimeFormatterBuilder$PrefixTree: boolean add0(java.lang.String,java.lang.String)>/java.time.format.DateTimeFormatterBuilder$PrefixTree.add0/0
<java.util.Properties: void enumerate(java.util.Hashtable)>	java.util.Hashtable	<java.util.Properties: void enumerate(java.util.Hashtable)>/java.util.Properties.enumerate/0
<java.util.Properties: void enumerateStringProperties(java.util.Hashtable)>	java.util.Hashtable	<java.util.Properties: void enumerateStringProperties(java.util.Hashtable)>/java.util.Properties.enumerateStringProperties/0
<java.time.format.DateTimeFormatterBuilder$PrefixTree: java.lang.String match(java.lang.CharSequence,int,int)>	java.lang.CharSequence	<java.time.format.DateTimeFormatterBuilder$PrefixTree: java.lang.String match(java.lang.CharSequence,int,int)>/java.time.format.DateTimeFormatterBuilder$PrefixTree.match/0
<java.time.format.DateTimeFormatterBuilder$PrefixTree: java.lang.String match(java.lang.CharSequence,java.text.ParsePosition)>	java.lang.CharSequence	<java.time.format.DateTimeFormatterBuilder$PrefixTree: java.lang.String match(java.lang.CharSequence,java.text.ParsePosition)>/java.time.format.DateTimeFormatterBuilder$PrefixTree.match/0
<java.util.Locale: java.lang.String[] composeList(java.text.MessageFormat,java.lang.String[])>	java.text.MessageFormat	<java.util.Locale: java.lang.String[] composeList(java.text.MessageFormat,java.lang.String[])>/java.util.Locale.composeList/0
<sun.reflect.annotation.AnnotatedTypeFactory: sun.reflect.annotation.TypeAnnotation$LocationInfo addNesting(java.lang.reflect.Type,sun.reflect.annotation.TypeAnnotation$LocationInfo)>	java.lang.reflect.Type	<sun.reflect.annotation.AnnotatedTypeFactory: sun.reflect.annotation.TypeAnnotation$LocationInfo addNesting(java.lang.reflect.Type,sun.reflect.annotation.TypeAnnotation$LocationInfo)>/sun.reflect.annotation.AnnotatedTypeFactory.addNesting/0
<sun.reflect.annotation.AnnotatedTypeFactory: sun.reflect.annotation.TypeAnnotation$LocationInfo addNesting(java.lang.reflect.Type,sun.reflect.annotation.TypeAnnotation$LocationInfo)>	java.lang.reflect.Type	<sun.reflect.annotation.AnnotatedTypeFactory: sun.reflect.annotation.TypeAnnotation$LocationInfo addNesting(java.lang.reflect.Type,sun.reflect.annotation.TypeAnnotation$LocationInfo)>/sun.reflect.annotation.AnnotatedTypeFactory.addNesting/1
<sun.reflect.annotation.AnnotatedTypeFactory: sun.reflect.annotation.TypeAnnotation$LocationInfo addNesting(java.lang.reflect.Type,sun.reflect.annotation.TypeAnnotation$LocationInfo)>	java.lang.reflect.Type	<sun.reflect.annotation.AnnotatedTypeFactory: sun.reflect.annotation.TypeAnnotation$LocationInfo addNesting(java.lang.reflect.Type,sun.reflect.annotation.TypeAnnotation$LocationInfo)>/sun.reflect.annotation.AnnotatedTypeFactory.addNesting/2
<org.mvel2.asm.ClassVisitor: void visit(int,int,java.lang.String,java.lang.String,java.lang.String,java.lang.String[])>	java.lang.String	<org.mvel2.asm.ClassVisitor: void visit(int,int,java.lang.String,java.lang.String,java.lang.String,java.lang.String[])>/org.mvel2.asm.ClassVisitor.visit/0
<org.mvel2.asm.ClassVisitor: void visitSource(java.lang.String,java.lang.String)>	java.lang.String	<org.mvel2.asm.ClassVisitor: void visitSource(java.lang.String,java.lang.String)>/org.mvel2.asm.ClassVisitor.visitSource/0
<org.mvel2.asm.ClassVisitor: org.mvel2.asm.ModuleVisitor visitModule(java.lang.String,int,java.lang.String)>	java.lang.String	<org.mvel2.asm.ClassVisitor: org.mvel2.asm.ModuleVisitor visitModule(java.lang.String,int,java.lang.String)>/org.mvel2.asm.ClassVisitor.visitModule/0
<org.mvel2.asm.ClassVisitor: void visitNestHost(java.lang.String)>	java.lang.String	<org.mvel2.asm.ClassVisitor: void visitNestHost(java.lang.String)>/org.mvel2.asm.ClassVisitor.visitNestHost/0
<org.mvel2.asm.ClassVisitor: void visitOuterClass(java.lang.String,java.lang.String,java.lang.String)>	java.lang.String	<org.mvel2.asm.ClassVisitor: void visitOuterClass(java.lang.String,java.lang.String,java.lang.String)>/org.mvel2.asm.ClassVisitor.visitOuterClass/0
<org.mvel2.asm.ClassVisitor: org.mvel2.asm.AnnotationVisitor visitAnnotation(java.lang.String,boolean)>	java.lang.String	<org.mvel2.asm.ClassVisitor: org.mvel2.asm.AnnotationVisitor visitAnnotation(java.lang.String,boolean)>/org.mvel2.asm.ClassVisitor.visitAnnotation/0
<org.mvel2.asm.ClassVisitor: org.mvel2.asm.AnnotationVisitor visitTypeAnnotation(int,org.mvel2.asm.TypePath,java.lang.String,boolean)>	java.lang.String	<org.mvel2.asm.ClassVisitor: org.mvel2.asm.AnnotationVisitor visitTypeAnnotation(int,org.mvel2.asm.TypePath,java.lang.String,boolean)>/org.mvel2.asm.ClassVisitor.visitTypeAnnotation/0
<org.mvel2.asm.ClassVisitor: void visitNestMember(java.lang.String)>	java.lang.String	<org.mvel2.asm.ClassVisitor: void visitNestMember(java.lang.String)>/org.mvel2.asm.ClassVisitor.visitNestMember/0
<org.mvel2.asm.ClassVisitor: void visitInnerClass(java.lang.String,java.lang.String,java.lang.String,int)>	java.lang.String	<org.mvel2.asm.ClassVisitor: void visitInnerClass(java.lang.String,java.lang.String,java.lang.String,int)>/org.mvel2.asm.ClassVisitor.visitInnerClass/0
<org.mvel2.asm.ClassVisitor: org.mvel2.asm.FieldVisitor visitField(int,java.lang.String,java.lang.String,java.lang.String,java.lang.Object)>	java.lang.String	<org.mvel2.asm.ClassVisitor: org.mvel2.asm.FieldVisitor visitField(int,java.lang.String,java.lang.String,java.lang.String,java.lang.Object)>/org.mvel2.asm.ClassVisitor.visitField/0
<org.mvel2.asm.ClassVisitor: org.mvel2.asm.MethodVisitor visitMethod(int,java.lang.String,java.lang.String,java.lang.String,java.lang.String[])>	java.lang.String	<org.mvel2.asm.ClassVisitor: org.mvel2.asm.MethodVisitor visitMethod(int,java.lang.String,java.lang.String,java.lang.String,java.lang.String[])>/org.mvel2.asm.ClassVisitor.visitMethod/0
<sun.misc.URLClassPath$JarLoader: sun.misc.Resource getResource(java.lang.String,boolean,java.util.Set)>	java.lang.String	<sun.misc.URLClassPath$JarLoader: sun.misc.Resource getResource(java.lang.String,boolean,java.util.Set)>/sun.misc.URLClassPath$JarLoader.getResource/0
<sun.misc.URLClassPath$JarLoader: sun.misc.Resource getResource(java.lang.String,boolean,java.util.Set)>	java.util.Set	<sun.misc.URLClassPath$JarLoader: sun.misc.Resource getResource(java.lang.String,boolean,java.util.Set)>/sun.misc.URLClassPath$JarLoader.getResource/0
<org.mvel2.util.ParseTools: int scoreInterface(java.lang.Class,java.lang.Class)>	java.lang.Class	<org.mvel2.util.ParseTools: int scoreInterface(java.lang.Class,java.lang.Class)>/org.mvel2.util.ParseTools.scoreInterface/0
<org.mvel2.util.ParseTools: java.lang.reflect.Method determineActualTargetMethod(java.lang.Class,java.lang.reflect.Method)>	java.lang.Class	<org.mvel2.util.ParseTools: java.lang.reflect.Method determineActualTargetMethod(java.lang.Class,java.lang.reflect.Method)>/org.mvel2.util.ParseTools.determineActualTargetMethod/0
<org.mvel2.util.ParseTools: java.lang.reflect.Method determineActualTargetMethod(java.lang.Class,java.lang.reflect.Method)>	java.lang.reflect.Method	<org.mvel2.util.ParseTools: java.lang.reflect.Method determineActualTargetMethod(java.lang.Class,java.lang.reflect.Method)>/org.mvel2.util.ParseTools.determineActualTargetMethod/0
<org.mvel2.ast.InlineCollectionNode: java.lang.Object execGraph(java.lang.Object,java.lang.Class,java.lang.Object,org.mvel2.integration.VariableResolverFactory)>	java.lang.Class	<org.mvel2.ast.InlineCollectionNode: java.lang.Object execGraph(java.lang.Object,java.lang.Class,java.lang.Object,org.mvel2.integration.VariableResolverFactory)>/org.mvel2.ast.InlineCollectionNode.execGraph/0
<org.mvel2.ast.InlineCollectionNode: java.lang.Object execGraph(java.lang.Object,java.lang.Class,java.lang.Object,org.mvel2.integration.VariableResolverFactory)>	java.lang.Class	<org.mvel2.ast.InlineCollectionNode: java.lang.Object execGraph(java.lang.Object,java.lang.Class,java.lang.Object,org.mvel2.integration.VariableResolverFactory)>/org.mvel2.ast.InlineCollectionNode.execGraph/1
<org.mvel2.ast.InlineCollectionNode: java.lang.Object execGraph(java.lang.Object,java.lang.Class,java.lang.Object,org.mvel2.integration.VariableResolverFactory)>	java.lang.Class	<org.mvel2.ast.InlineCollectionNode: java.lang.Object execGraph(java.lang.Object,java.lang.Class,java.lang.Object,org.mvel2.integration.VariableResolverFactory)>/org.mvel2.ast.InlineCollectionNode.execGraph/2
<org.mvel2.ast.InlineCollectionNode: java.lang.Object execGraph(java.lang.Object,java.lang.Class,java.lang.Object,org.mvel2.integration.VariableResolverFactory)>	java.lang.Class	<org.mvel2.ast.InlineCollectionNode: java.lang.Object execGraph(java.lang.Object,java.lang.Class,java.lang.Object,org.mvel2.integration.VariableResolverFactory)>/org.mvel2.ast.InlineCollectionNode.execGraph/3
<org.mvel2.ast.InlineCollectionNode: java.lang.Object execGraph(java.lang.Object,java.lang.Class,java.lang.Object,org.mvel2.integration.VariableResolverFactory)>	org.mvel2.integration.VariableResolverFactory	<org.mvel2.ast.InlineCollectionNode: java.lang.Object execGraph(java.lang.Object,java.lang.Class,java.lang.Object,org.mvel2.integration.VariableResolverFactory)>/org.mvel2.ast.InlineCollectionNode.execGraph/0
<org.mvel2.ast.InlineCollectionNode: java.lang.Object execGraph(java.lang.Object,java.lang.Class,java.lang.Object,org.mvel2.integration.VariableResolverFactory)>	org.mvel2.integration.VariableResolverFactory	<org.mvel2.ast.InlineCollectionNode: java.lang.Object execGraph(java.lang.Object,java.lang.Class,java.lang.Object,org.mvel2.integration.VariableResolverFactory)>/org.mvel2.ast.InlineCollectionNode.execGraph/1
<org.mvel2.ast.InlineCollectionNode: java.lang.Object execGraph(java.lang.Object,java.lang.Class,java.lang.Object,org.mvel2.integration.VariableResolverFactory)>	org.mvel2.integration.VariableResolverFactory	<org.mvel2.ast.InlineCollectionNode: java.lang.Object execGraph(java.lang.Object,java.lang.Class,java.lang.Object,org.mvel2.integration.VariableResolverFactory)>/org.mvel2.ast.InlineCollectionNode.execGraph/2
<org.mvel2.ast.InlineCollectionNode: java.lang.Object execGraph(java.lang.Object,java.lang.Class,java.lang.Object,org.mvel2.integration.VariableResolverFactory)>	org.mvel2.integration.VariableResolverFactory	<org.mvel2.ast.InlineCollectionNode: java.lang.Object execGraph(java.lang.Object,java.lang.Class,java.lang.Object,org.mvel2.integration.VariableResolverFactory)>/org.mvel2.ast.InlineCollectionNode.execGraph/3
<sun.invoke.util.ValueConversions: java.lang.invoke.MethodHandle zeroConstantFunction(sun.invoke.util.Wrapper)>	sun.invoke.util.Wrapper	<sun.invoke.util.ValueConversions: java.lang.invoke.MethodHandle zeroConstantFunction(sun.invoke.util.Wrapper)>/sun.invoke.util.ValueConversions.zeroConstantFunction/0
<java.io.ObjectInputStream$HandleTable: void markException(int,java.lang.ClassNotFoundException)>	java.lang.ClassNotFoundException	<java.io.ObjectInputStream$HandleTable: void markException(int,java.lang.ClassNotFoundException)>/java.io.ObjectInputStream$HandleTable.markException/0
<sun.reflect.misc.ReflectUtil: boolean isSuperInterface(java.lang.Class,java.lang.Class)>	java.lang.Class	<sun.reflect.misc.ReflectUtil: boolean isSuperInterface(java.lang.Class,java.lang.Class)>/sun.reflect.misc.ReflectUtil.isSuperInterface/0
<java.security.AccessControlContext: void checkPermission2(java.security.Permission)>	java.security.Permission	<java.security.AccessControlContext: void checkPermission2(java.security.Permission)>/java.security.AccessControlContext.checkPermission2/0
<java.security.AccessControlContext: void checkPermission2(java.security.Permission)>	java.security.Permission	<java.security.AccessControlContext: void checkPermission2(java.security.Permission)>/java.security.AccessControlContext.checkPermission2/1
<java.lang.ClassLoader: java.net.URL getResource(java.lang.String)>	java.lang.String	<java.lang.ClassLoader: java.net.URL getResource(java.lang.String)>/java.lang.ClassLoader.getResource/0
<java.lang.ClassLoader: java.lang.Package getPackage(java.lang.String)>	java.lang.String	<java.lang.ClassLoader: java.lang.Package getPackage(java.lang.String)>/java.lang.ClassLoader.getPackage/0
<jdk.internal.org.objectweb.asm.ClassVisitor: void visit(int,int,java.lang.String,java.lang.String,java.lang.String,java.lang.String[])>	java.lang.String	<jdk.internal.org.objectweb.asm.ClassVisitor: void visit(int,int,java.lang.String,java.lang.String,java.lang.String,java.lang.String[])>/jdk.internal.org.objectweb.asm.ClassVisitor.visit/0
<jdk.internal.org.objectweb.asm.ClassVisitor: void visitSource(java.lang.String,java.lang.String)>	java.lang.String	<jdk.internal.org.objectweb.asm.ClassVisitor: void visitSource(java.lang.String,java.lang.String)>/jdk.internal.org.objectweb.asm.ClassVisitor.visitSource/0
<jdk.internal.org.objectweb.asm.ClassVisitor: void visitOuterClass(java.lang.String,java.lang.String,java.lang.String)>	java.lang.String	<jdk.internal.org.objectweb.asm.ClassVisitor: void visitOuterClass(java.lang.String,java.lang.String,java.lang.String)>/jdk.internal.org.objectweb.asm.ClassVisitor.visitOuterClass/0
<jdk.internal.org.objectweb.asm.ClassVisitor: jdk.internal.org.objectweb.asm.AnnotationVisitor visitAnnotation(java.lang.String,boolean)>	java.lang.String	<jdk.internal.org.objectweb.asm.ClassVisitor: jdk.internal.org.objectweb.asm.AnnotationVisitor visitAnnotation(java.lang.String,boolean)>/jdk.internal.org.objectweb.asm.ClassVisitor.visitAnnotation/0
<jdk.internal.org.objectweb.asm.ClassVisitor: jdk.internal.org.objectweb.asm.AnnotationVisitor visitTypeAnnotation(int,jdk.internal.org.objectweb.asm.TypePath,java.lang.String,boolean)>	java.lang.String	<jdk.internal.org.objectweb.asm.ClassVisitor: jdk.internal.org.objectweb.asm.AnnotationVisitor visitTypeAnnotation(int,jdk.internal.org.objectweb.asm.TypePath,java.lang.String,boolean)>/jdk.internal.org.objectweb.asm.ClassVisitor.visitTypeAnnotation/0
<jdk.internal.org.objectweb.asm.ClassVisitor: void visitInnerClass(java.lang.String,java.lang.String,java.lang.String,int)>	java.lang.String	<jdk.internal.org.objectweb.asm.ClassVisitor: void visitInnerClass(java.lang.String,java.lang.String,java.lang.String,int)>/jdk.internal.org.objectweb.asm.ClassVisitor.visitInnerClass/0
<jdk.internal.org.objectweb.asm.ClassVisitor: jdk.internal.org.objectweb.asm.FieldVisitor visitField(int,java.lang.String,java.lang.String,java.lang.String,java.lang.Object)>	java.lang.String	<jdk.internal.org.objectweb.asm.ClassVisitor: jdk.internal.org.objectweb.asm.FieldVisitor visitField(int,java.lang.String,java.lang.String,java.lang.String,java.lang.Object)>/jdk.internal.org.objectweb.asm.ClassVisitor.visitField/0
<jdk.internal.org.objectweb.asm.ClassVisitor: jdk.internal.org.objectweb.asm.MethodVisitor visitMethod(int,java.lang.String,java.lang.String,java.lang.String,java.lang.String[])>	java.lang.String	<jdk.internal.org.objectweb.asm.ClassVisitor: jdk.internal.org.objectweb.asm.MethodVisitor visitMethod(int,java.lang.String,java.lang.String,java.lang.String,java.lang.String[])>/jdk.internal.org.objectweb.asm.ClassVisitor.visitMethod/0
<sun.reflect.annotation.AnnotationParser: java.lang.Class toClass(java.lang.reflect.Type)>	java.lang.reflect.Type	<sun.reflect.annotation.AnnotationParser: java.lang.Class toClass(java.lang.reflect.Type)>/sun.reflect.annotation.AnnotationParser.toClass/0
<java.lang.Class: java.lang.Class toClass(java.lang.reflect.Type)>	java.lang.reflect.Type	<java.lang.Class: java.lang.Class toClass(java.lang.reflect.Type)>/java.lang.Class.toClass/0
<java.lang.Class: java.lang.reflect.Field[] privateGetPublicFields(java.util.Set)>	java.util.Set	<java.lang.Class: java.lang.reflect.Field[] privateGetPublicFields(java.util.Set)>/java.lang.Class.privateGetPublicFields/0
<java.lang.Class: java.lang.reflect.Field[] privateGetPublicFields(java.util.Set)>	java.util.Set	<java.lang.Class: java.lang.reflect.Field[] privateGetPublicFields(java.util.Set)>/java.lang.Class.privateGetPublicFields/1
<java.util.HashMap$TreeNode: java.util.HashMap$TreeNode find(int,java.lang.Object,java.lang.Class)>	java.lang.Class	<java.util.HashMap$TreeNode: java.util.HashMap$TreeNode find(int,java.lang.Object,java.lang.Class)>/java.util.HashMap$TreeNode.find/0
<java.util.regex.Pattern$GroupCurly: boolean match0(java.util.regex.Matcher,int,int,java.lang.CharSequence)>	java.lang.CharSequence	<java.util.regex.Pattern$GroupCurly: boolean match0(java.util.regex.Matcher,int,int,java.lang.CharSequence)>/java.util.regex.Pattern$GroupCurly.match0/0
<java.text.DecimalFormat: boolean subparse(java.lang.String,java.text.ParsePosition,java.lang.String,java.lang.String,java.text.DigitList,boolean,boolean[])>	java.lang.String	<java.text.DecimalFormat: boolean subparse(java.lang.String,java.text.ParsePosition,java.lang.String,java.lang.String,java.text.DigitList,boolean,boolean[])>/java.text.DecimalFormat.subparse/0
<java.text.RBTableBuilder: void addContractOrder(java.lang.String,int,boolean)>	java.lang.String	<java.text.RBTableBuilder: void addContractOrder(java.lang.String,int,boolean)>/java.text.RBTableBuilder.addContractOrder/0
<org.mvel2.asm.ModuleVisitor: void visitMainClass(java.lang.String)>	java.lang.String	<org.mvel2.asm.ModuleVisitor: void visitMainClass(java.lang.String)>/org.mvel2.asm.ModuleVisitor.visitMainClass/0
<org.mvel2.asm.ModuleVisitor: void visitPackage(java.lang.String)>	java.lang.String	<org.mvel2.asm.ModuleVisitor: void visitPackage(java.lang.String)>/org.mvel2.asm.ModuleVisitor.visitPackage/0
<org.mvel2.asm.ModuleVisitor: void visitRequire(java.lang.String,int,java.lang.String)>	java.lang.String	<org.mvel2.asm.ModuleVisitor: void visitRequire(java.lang.String,int,java.lang.String)>/org.mvel2.asm.ModuleVisitor.visitRequire/0
<org.mvel2.asm.ModuleVisitor: void visitExport(java.lang.String,int,java.lang.String[])>	java.lang.String	<org.mvel2.asm.ModuleVisitor: void visitExport(java.lang.String,int,java.lang.String[])>/org.mvel2.asm.ModuleVisitor.visitExport/0
<org.mvel2.asm.ModuleVisitor: void visitOpen(java.lang.String,int,java.lang.String[])>	java.lang.String	<org.mvel2.asm.ModuleVisitor: void visitOpen(java.lang.String,int,java.lang.String[])>/org.mvel2.asm.ModuleVisitor.visitOpen/0
<org.mvel2.asm.ModuleVisitor: void visitUse(java.lang.String)>	java.lang.String	<org.mvel2.asm.ModuleVisitor: void visitUse(java.lang.String)>/org.mvel2.asm.ModuleVisitor.visitUse/0
<org.mvel2.asm.ModuleVisitor: void visitProvide(java.lang.String,java.lang.String[])>	java.lang.String	<org.mvel2.asm.ModuleVisitor: void visitProvide(java.lang.String,java.lang.String[])>/org.mvel2.asm.ModuleVisitor.visitProvide/0
<java.math.BigInteger: void toString(java.math.BigInteger,java.lang.StringBuilder,int,int)>	java.math.BigInteger	<java.math.BigInteger: void toString(java.math.BigInteger,java.lang.StringBuilder,int,int)>/java.math.BigInteger.toString/0
<java.math.BigInteger: void toString(java.math.BigInteger,java.lang.StringBuilder,int,int)>	java.math.BigInteger	<java.math.BigInteger: void toString(java.math.BigInteger,java.lang.StringBuilder,int,int)>/java.math.BigInteger.toString/1
<sun.invoke.util.BytecodeDescriptor: java.lang.Class parseSig(java.lang.String,int[],int,java.lang.ClassLoader)>	java.lang.String	<sun.invoke.util.BytecodeDescriptor: java.lang.Class parseSig(java.lang.String,int[],int,java.lang.ClassLoader)>/sun.invoke.util.BytecodeDescriptor.parseSig/0
<sun.invoke.util.BytecodeDescriptor: java.lang.Class parseSig(java.lang.String,int[],int,java.lang.ClassLoader)>	java.lang.ClassLoader	<sun.invoke.util.BytecodeDescriptor: java.lang.Class parseSig(java.lang.String,int[],int,java.lang.ClassLoader)>/sun.invoke.util.BytecodeDescriptor.parseSig/0
<java.util.Arrays: void mergeSort(java.lang.Object[],java.lang.Object[],int,int,int,java.util.Comparator)>	java.util.Comparator	<java.util.Arrays: void mergeSort(java.lang.Object[],java.lang.Object[],int,int,int,java.util.Comparator)>/java.util.Arrays.mergeSort/0
<java.util.Arrays: void mergeSort(java.lang.Object[],java.lang.Object[],int,int,int,java.util.Comparator)>	java.util.Comparator	<java.util.Arrays: void mergeSort(java.lang.Object[],java.lang.Object[],int,int,int,java.util.Comparator)>/java.util.Arrays.mergeSort/1
<org.mvel2.optimizers.impl.asm.ASMAccessorOptimizer: int _getAccessor(java.lang.Object,java.lang.Class)>	java.lang.Class	<org.mvel2.optimizers.impl.asm.ASMAccessorOptimizer: int _getAccessor(java.lang.Object,java.lang.Class)>/org.mvel2.optimizers.impl.asm.ASMAccessorOptimizer._getAccessor/0
<org.mvel2.optimizers.impl.asm.ASMAccessorOptimizer: int _getAccessor(java.lang.Object,java.lang.Class)>	java.lang.Class	<org.mvel2.optimizers.impl.asm.ASMAccessorOptimizer: int _getAccessor(java.lang.Object,java.lang.Class)>/org.mvel2.optimizers.impl.asm.ASMAccessorOptimizer._getAccessor/1
<org.mvel2.optimizers.impl.asm.ASMAccessorOptimizer: int _getAccessor(java.lang.Object,java.lang.Class)>	java.lang.Class	<org.mvel2.optimizers.impl.asm.ASMAccessorOptimizer: int _getAccessor(java.lang.Object,java.lang.Class)>/org.mvel2.optimizers.impl.asm.ASMAccessorOptimizer._getAccessor/2
<org.mvel2.optimizers.impl.asm.ASMAccessorOptimizer: int _getAccessor(java.lang.Object,java.lang.Class)>	java.lang.Class	<org.mvel2.optimizers.impl.asm.ASMAccessorOptimizer: int _getAccessor(java.lang.Object,java.lang.Class)>/org.mvel2.optimizers.impl.asm.ASMAccessorOptimizer._getAccessor/3
<java.util.Arrays: void deepToString(java.lang.Object[],java.lang.StringBuilder,java.util.Set)>	java.util.Set	<java.util.Arrays: void deepToString(java.lang.Object[],java.lang.StringBuilder,java.util.Set)>/java.util.Arrays.deepToString/0
<java.util.ResourceBundle: java.lang.Object getObject(java.lang.String)>	java.lang.String	<java.util.ResourceBundle: java.lang.Object getObject(java.lang.String)>/java.util.ResourceBundle.getObject/0
<java.util.ResourceBundle: java.util.ResourceBundle findBundle(java.util.ResourceBundle$CacheKey,java.util.List,java.util.List,int,java.util.ResourceBundle$Control,java.util.ResourceBundle)>	java.util.List	<java.util.ResourceBundle: java.util.ResourceBundle findBundle(java.util.ResourceBundle$CacheKey,java.util.List,java.util.List,int,java.util.ResourceBundle$Control,java.util.ResourceBundle)>/java.util.ResourceBundle.findBundle/0
<java.util.ResourceBundle: java.util.ResourceBundle findBundle(java.util.ResourceBundle$CacheKey,java.util.List,java.util.List,int,java.util.ResourceBundle$Control,java.util.ResourceBundle)>	java.util.ResourceBundle$Control	<java.util.ResourceBundle: java.util.ResourceBundle findBundle(java.util.ResourceBundle$CacheKey,java.util.List,java.util.List,int,java.util.ResourceBundle$Control,java.util.ResourceBundle)>/java.util.ResourceBundle.findBundle/0
<java.util.ResourceBundle: java.util.ResourceBundle findBundle(java.util.ResourceBundle$CacheKey,java.util.List,java.util.List,int,java.util.ResourceBundle$Control,java.util.ResourceBundle)>	java.util.ResourceBundle	<java.util.ResourceBundle: java.util.ResourceBundle findBundle(java.util.ResourceBundle$CacheKey,java.util.List,java.util.List,int,java.util.ResourceBundle$Control,java.util.ResourceBundle)>/java.util.ResourceBundle.findBundle/0
