<java.lang.ThreadGroup: void uncaughtException(java.lang.Thread,java.lang.Throwable)>	<java.lang.ThreadGroup: void uncaughtException(java.lang.Thread,java.lang.Throwable)>/java.lang.ThreadGroup.uncaughtException/0
<java.lang.ClassLoader: void checkPackageAccess(java.lang.Class,java.security.ProtectionDomain)>	<java.lang.ClassLoader: void checkPackageAccess(java.lang.Class,java.security.ProtectionDomain)>/java.lang.ClassLoader.checkPackageAccess/0
<sun.net.www.protocol.http.HttpURLConnection: void writeRequests()>	<sun.net.www.protocol.http.HttpURLConnection: void writeRequests()>/sun.net.www.protocol.http.HttpURLConnection.writeRequests/0
<sun.net.www.http.HttpClient: boolean parseHTTP(sun.net.www.MessageHeader,sun.net.ProgressSource,sun.net.www.protocol.http.HttpURLConnection)>	<sun.net.www.http.HttpClient: boolean parseHTTP(sun.net.www.MessageHeader,sun.net.ProgressSource,sun.net.www.protocol.http.HttpURLConnection)>/sun.net.www.http.HttpClient.parseHTTP/0
<sun.net.www.http.HttpClient: boolean parseHTTPHeader(sun.net.www.MessageHeader,sun.net.ProgressSource,sun.net.www.protocol.http.HttpURLConnection)>	<sun.net.www.http.HttpClient: boolean parseHTTPHeader(sun.net.www.MessageHeader,sun.net.ProgressSource,sun.net.www.protocol.http.HttpURLConnection)>/sun.net.www.http.HttpClient.parseHTTPHeader/0
<org.mvel2.optimizers.impl.refl.ReflectiveAccessorOptimizer: java.lang.Object getBeanProperty(java.lang.Object,java.lang.String)>	<org.mvel2.optimizers.impl.refl.ReflectiveAccessorOptimizer: java.lang.Object getBeanProperty(java.lang.Object,java.lang.String)>/org.mvel2.optimizers.impl.refl.ReflectiveAccessorOptimizer.getBeanProperty/0
<org.mvel2.optimizers.impl.refl.ReflectiveAccessorOptimizer: java.lang.Object getMethod(java.lang.Object,java.lang.String,java.lang.Object[],java.lang.Class[],org.mvel2.compiler.ExecutableStatement[])>	<org.mvel2.optimizers.impl.refl.ReflectiveAccessorOptimizer: java.lang.Object getMethod(java.lang.Object,java.lang.String,java.lang.Object[],java.lang.Class[],org.mvel2.compiler.ExecutableStatement[])>/org.mvel2.optimizers.impl.refl.ReflectiveAccessorOptimizer.getMethod/0
<sun.nio.cs.StreamEncoder: void flushLeftoverChar(java.nio.CharBuffer,boolean)>	<sun.nio.cs.StreamEncoder: void flushLeftoverChar(java.nio.CharBuffer,boolean)>/sun.nio.cs.StreamEncoder.flushLeftoverChar/0
<java.io.StreamTokenizer: int nextToken()>	<java.io.StreamTokenizer: int nextToken()>/java.io.StreamTokenizer.nextToken/0
<java.io.StreamTokenizer: int nextToken()>	<java.io.StreamTokenizer: int nextToken()>/java.io.StreamTokenizer.nextToken/1
<java.io.StreamTokenizer: int nextToken()>	<java.io.StreamTokenizer: int nextToken()>/java.io.StreamTokenizer.nextToken/2
<java.io.StreamTokenizer: int nextToken()>	<java.io.StreamTokenizer: int nextToken()>/java.io.StreamTokenizer.nextToken/3
<java.util.TreeMap: java.util.TreeMap$Entry buildFromSorted(int,int,int,int,java.util.Iterator,java.io.ObjectInputStream,java.lang.Object)>	<java.util.TreeMap: java.util.TreeMap$Entry buildFromSorted(int,int,int,int,java.util.Iterator,java.io.ObjectInputStream,java.lang.Object)>/java.util.TreeMap.buildFromSorted/0
<java.util.TreeMap: java.util.TreeMap$Entry buildFromSorted(int,int,int,int,java.util.Iterator,java.io.ObjectInputStream,java.lang.Object)>	<java.util.TreeMap: java.util.TreeMap$Entry buildFromSorted(int,int,int,int,java.util.Iterator,java.io.ObjectInputStream,java.lang.Object)>/java.util.TreeMap.buildFromSorted/1
<java.util.Formatter$FormatSpecifier: void print(java.lang.StringBuilder,java.math.BigDecimal,java.util.Locale,java.util.Formatter$Flags,char,int,boolean)>	<java.util.Formatter$FormatSpecifier: void print(java.lang.StringBuilder,java.math.BigDecimal,java.util.Locale,java.util.Formatter$Flags,char,int,boolean)>/java.util.Formatter$FormatSpecifier.print/0
<java.util.Formatter$FormatSpecifier: void print(java.lang.StringBuilder,java.math.BigDecimal,java.util.Locale,java.util.Formatter$Flags,char,int,boolean)>	<java.util.Formatter$FormatSpecifier: void print(java.lang.StringBuilder,java.math.BigDecimal,java.util.Locale,java.util.Formatter$Flags,char,int,boolean)>/java.util.Formatter$FormatSpecifier.print/1
<java.util.Formatter$FormatSpecifier: java.lang.Appendable print(java.lang.StringBuilder,java.util.Calendar,char,java.util.Locale)>	<java.util.Formatter$FormatSpecifier: java.lang.Appendable print(java.lang.StringBuilder,java.util.Calendar,char,java.util.Locale)>/java.util.Formatter$FormatSpecifier.print/0
<java.util.Formatter$FormatSpecifier: java.lang.Appendable print(java.lang.StringBuilder,java.util.Calendar,char,java.util.Locale)>	<java.util.Formatter$FormatSpecifier: java.lang.Appendable print(java.lang.StringBuilder,java.util.Calendar,char,java.util.Locale)>/java.util.Formatter$FormatSpecifier.print/1
<java.util.Formatter$FormatSpecifier: java.lang.Appendable print(java.lang.StringBuilder,java.util.Calendar,char,java.util.Locale)>	<java.util.Formatter$FormatSpecifier: java.lang.Appendable print(java.lang.StringBuilder,java.util.Calendar,char,java.util.Locale)>/java.util.Formatter$FormatSpecifier.print/2
<java.util.Formatter$FormatSpecifier: java.lang.Appendable print(java.lang.StringBuilder,java.util.Calendar,char,java.util.Locale)>	<java.util.Formatter$FormatSpecifier: java.lang.Appendable print(java.lang.StringBuilder,java.util.Calendar,char,java.util.Locale)>/java.util.Formatter$FormatSpecifier.print/3
<java.util.Formatter$FormatSpecifier: java.lang.Appendable print(java.lang.StringBuilder,java.util.Calendar,char,java.util.Locale)>	<java.util.Formatter$FormatSpecifier: java.lang.Appendable print(java.lang.StringBuilder,java.util.Calendar,char,java.util.Locale)>/java.util.Formatter$FormatSpecifier.print/4
<java.util.Formatter$FormatSpecifier: java.lang.Appendable print(java.lang.StringBuilder,java.util.Calendar,char,java.util.Locale)>	<java.util.Formatter$FormatSpecifier: java.lang.Appendable print(java.lang.StringBuilder,java.util.Calendar,char,java.util.Locale)>/java.util.Formatter$FormatSpecifier.print/5
<java.util.Formatter$FormatSpecifier: java.lang.Appendable print(java.lang.StringBuilder,java.util.Calendar,char,java.util.Locale)>	<java.util.Formatter$FormatSpecifier: java.lang.Appendable print(java.lang.StringBuilder,java.util.Calendar,char,java.util.Locale)>/java.util.Formatter$FormatSpecifier.print/6
<java.util.Formatter$FormatSpecifier: java.lang.Appendable print(java.lang.StringBuilder,java.util.Calendar,char,java.util.Locale)>	<java.util.Formatter$FormatSpecifier: java.lang.Appendable print(java.lang.StringBuilder,java.util.Calendar,char,java.util.Locale)>/java.util.Formatter$FormatSpecifier.print/7
<java.util.Formatter$FormatSpecifier: java.lang.Appendable print(java.lang.StringBuilder,java.util.Calendar,char,java.util.Locale)>	<java.util.Formatter$FormatSpecifier: java.lang.Appendable print(java.lang.StringBuilder,java.util.Calendar,char,java.util.Locale)>/java.util.Formatter$FormatSpecifier.print/8
<java.util.Formatter$FormatSpecifier: java.lang.Appendable print(java.lang.StringBuilder,java.util.Calendar,char,java.util.Locale)>	<java.util.Formatter$FormatSpecifier: java.lang.Appendable print(java.lang.StringBuilder,java.util.Calendar,char,java.util.Locale)>/java.util.Formatter$FormatSpecifier.print/9
<java.util.Formatter$FormatSpecifier: java.lang.Appendable print(java.lang.StringBuilder,java.util.Calendar,char,java.util.Locale)>	<java.util.Formatter$FormatSpecifier: java.lang.Appendable print(java.lang.StringBuilder,java.util.Calendar,char,java.util.Locale)>/java.util.Formatter$FormatSpecifier.print/10
<java.util.Formatter$FormatSpecifier: java.lang.Appendable print(java.lang.StringBuilder,java.util.Calendar,char,java.util.Locale)>	<java.util.Formatter$FormatSpecifier: java.lang.Appendable print(java.lang.StringBuilder,java.util.Calendar,char,java.util.Locale)>/java.util.Formatter$FormatSpecifier.print/11
<java.util.Formatter$FormatSpecifier: java.lang.Appendable print(java.lang.StringBuilder,java.util.Calendar,char,java.util.Locale)>	<java.util.Formatter$FormatSpecifier: java.lang.Appendable print(java.lang.StringBuilder,java.util.Calendar,char,java.util.Locale)>/java.util.Formatter$FormatSpecifier.print/12
<java.util.Formatter$FormatSpecifier: java.lang.Appendable print(java.lang.StringBuilder,java.util.Calendar,char,java.util.Locale)>	<java.util.Formatter$FormatSpecifier: java.lang.Appendable print(java.lang.StringBuilder,java.util.Calendar,char,java.util.Locale)>/java.util.Formatter$FormatSpecifier.print/13
<java.util.Formatter$FormatSpecifier: java.lang.Appendable print(java.lang.StringBuilder,java.util.Calendar,char,java.util.Locale)>	<java.util.Formatter$FormatSpecifier: java.lang.Appendable print(java.lang.StringBuilder,java.util.Calendar,char,java.util.Locale)>/java.util.Formatter$FormatSpecifier.print/14
<java.util.Formatter$FormatSpecifier: java.lang.Appendable print(java.lang.StringBuilder,java.util.Calendar,char,java.util.Locale)>	<java.util.Formatter$FormatSpecifier: java.lang.Appendable print(java.lang.StringBuilder,java.util.Calendar,char,java.util.Locale)>/java.util.Formatter$FormatSpecifier.print/15
<java.util.Formatter$FormatSpecifier: java.lang.Appendable print(java.lang.StringBuilder,java.util.Calendar,char,java.util.Locale)>	<java.util.Formatter$FormatSpecifier: java.lang.Appendable print(java.lang.StringBuilder,java.util.Calendar,char,java.util.Locale)>/java.util.Formatter$FormatSpecifier.print/16
<java.util.Formatter$FormatSpecifier: java.lang.Appendable print(java.lang.StringBuilder,java.util.Calendar,char,java.util.Locale)>	<java.util.Formatter$FormatSpecifier: java.lang.Appendable print(java.lang.StringBuilder,java.util.Calendar,char,java.util.Locale)>/java.util.Formatter$FormatSpecifier.print/17
<java.util.Formatter$FormatSpecifier: java.lang.Appendable print(java.lang.StringBuilder,java.util.Calendar,char,java.util.Locale)>	<java.util.Formatter$FormatSpecifier: java.lang.Appendable print(java.lang.StringBuilder,java.util.Calendar,char,java.util.Locale)>/java.util.Formatter$FormatSpecifier.print/18
<java.util.Formatter$FormatSpecifier: java.lang.Appendable print(java.lang.StringBuilder,java.time.temporal.TemporalAccessor,char,java.util.Locale)>	<java.util.Formatter$FormatSpecifier: java.lang.Appendable print(java.lang.StringBuilder,java.time.temporal.TemporalAccessor,char,java.util.Locale)>/java.util.Formatter$FormatSpecifier.print/0
<java.util.Formatter$FormatSpecifier: java.lang.Appendable print(java.lang.StringBuilder,java.time.temporal.TemporalAccessor,char,java.util.Locale)>	<java.util.Formatter$FormatSpecifier: java.lang.Appendable print(java.lang.StringBuilder,java.time.temporal.TemporalAccessor,char,java.util.Locale)>/java.util.Formatter$FormatSpecifier.print/1
<java.util.Formatter$FormatSpecifier: java.lang.Appendable print(java.lang.StringBuilder,java.time.temporal.TemporalAccessor,char,java.util.Locale)>	<java.util.Formatter$FormatSpecifier: java.lang.Appendable print(java.lang.StringBuilder,java.time.temporal.TemporalAccessor,char,java.util.Locale)>/java.util.Formatter$FormatSpecifier.print/2
<java.util.Formatter$FormatSpecifier: java.lang.Appendable print(java.lang.StringBuilder,java.time.temporal.TemporalAccessor,char,java.util.Locale)>	<java.util.Formatter$FormatSpecifier: java.lang.Appendable print(java.lang.StringBuilder,java.time.temporal.TemporalAccessor,char,java.util.Locale)>/java.util.Formatter$FormatSpecifier.print/3
<java.util.Formatter$FormatSpecifier: java.lang.Appendable print(java.lang.StringBuilder,java.time.temporal.TemporalAccessor,char,java.util.Locale)>	<java.util.Formatter$FormatSpecifier: java.lang.Appendable print(java.lang.StringBuilder,java.time.temporal.TemporalAccessor,char,java.util.Locale)>/java.util.Formatter$FormatSpecifier.print/4
<java.util.Formatter$FormatSpecifier: java.lang.Appendable print(java.lang.StringBuilder,java.time.temporal.TemporalAccessor,char,java.util.Locale)>	<java.util.Formatter$FormatSpecifier: java.lang.Appendable print(java.lang.StringBuilder,java.time.temporal.TemporalAccessor,char,java.util.Locale)>/java.util.Formatter$FormatSpecifier.print/5
<java.util.Formatter$FormatSpecifier: java.lang.Appendable print(java.lang.StringBuilder,java.time.temporal.TemporalAccessor,char,java.util.Locale)>	<java.util.Formatter$FormatSpecifier: java.lang.Appendable print(java.lang.StringBuilder,java.time.temporal.TemporalAccessor,char,java.util.Locale)>/java.util.Formatter$FormatSpecifier.print/6
<java.util.Formatter$FormatSpecifier: java.lang.Appendable print(java.lang.StringBuilder,java.time.temporal.TemporalAccessor,char,java.util.Locale)>	<java.util.Formatter$FormatSpecifier: java.lang.Appendable print(java.lang.StringBuilder,java.time.temporal.TemporalAccessor,char,java.util.Locale)>/java.util.Formatter$FormatSpecifier.print/7
<java.util.Formatter$FormatSpecifier: java.lang.Appendable print(java.lang.StringBuilder,java.time.temporal.TemporalAccessor,char,java.util.Locale)>	<java.util.Formatter$FormatSpecifier: java.lang.Appendable print(java.lang.StringBuilder,java.time.temporal.TemporalAccessor,char,java.util.Locale)>/java.util.Formatter$FormatSpecifier.print/8
<java.util.Formatter$FormatSpecifier: java.lang.Appendable print(java.lang.StringBuilder,java.time.temporal.TemporalAccessor,char,java.util.Locale)>	<java.util.Formatter$FormatSpecifier: java.lang.Appendable print(java.lang.StringBuilder,java.time.temporal.TemporalAccessor,char,java.util.Locale)>/java.util.Formatter$FormatSpecifier.print/9
<java.util.Formatter$FormatSpecifier: java.lang.Appendable print(java.lang.StringBuilder,java.time.temporal.TemporalAccessor,char,java.util.Locale)>	<java.util.Formatter$FormatSpecifier: java.lang.Appendable print(java.lang.StringBuilder,java.time.temporal.TemporalAccessor,char,java.util.Locale)>/java.util.Formatter$FormatSpecifier.print/10
<java.util.Formatter$FormatSpecifier: java.lang.Appendable print(java.lang.StringBuilder,java.time.temporal.TemporalAccessor,char,java.util.Locale)>	<java.util.Formatter$FormatSpecifier: java.lang.Appendable print(java.lang.StringBuilder,java.time.temporal.TemporalAccessor,char,java.util.Locale)>/java.util.Formatter$FormatSpecifier.print/11
<java.util.Formatter$FormatSpecifier: java.lang.Appendable print(java.lang.StringBuilder,java.time.temporal.TemporalAccessor,char,java.util.Locale)>	<java.util.Formatter$FormatSpecifier: java.lang.Appendable print(java.lang.StringBuilder,java.time.temporal.TemporalAccessor,char,java.util.Locale)>/java.util.Formatter$FormatSpecifier.print/12
<java.util.Formatter$FormatSpecifier: java.lang.Appendable print(java.lang.StringBuilder,java.time.temporal.TemporalAccessor,char,java.util.Locale)>	<java.util.Formatter$FormatSpecifier: java.lang.Appendable print(java.lang.StringBuilder,java.time.temporal.TemporalAccessor,char,java.util.Locale)>/java.util.Formatter$FormatSpecifier.print/13
<java.util.Formatter$FormatSpecifier: java.lang.Appendable print(java.lang.StringBuilder,java.time.temporal.TemporalAccessor,char,java.util.Locale)>	<java.util.Formatter$FormatSpecifier: java.lang.Appendable print(java.lang.StringBuilder,java.time.temporal.TemporalAccessor,char,java.util.Locale)>/java.util.Formatter$FormatSpecifier.print/14
<java.util.Formatter$FormatSpecifier: java.lang.Appendable print(java.lang.StringBuilder,java.time.temporal.TemporalAccessor,char,java.util.Locale)>	<java.util.Formatter$FormatSpecifier: java.lang.Appendable print(java.lang.StringBuilder,java.time.temporal.TemporalAccessor,char,java.util.Locale)>/java.util.Formatter$FormatSpecifier.print/15
<java.util.Formatter$FormatSpecifier: java.lang.Appendable print(java.lang.StringBuilder,java.time.temporal.TemporalAccessor,char,java.util.Locale)>	<java.util.Formatter$FormatSpecifier: java.lang.Appendable print(java.lang.StringBuilder,java.time.temporal.TemporalAccessor,char,java.util.Locale)>/java.util.Formatter$FormatSpecifier.print/16
<java.util.Formatter$FormatSpecifier: java.lang.Appendable print(java.lang.StringBuilder,java.time.temporal.TemporalAccessor,char,java.util.Locale)>	<java.util.Formatter$FormatSpecifier: java.lang.Appendable print(java.lang.StringBuilder,java.time.temporal.TemporalAccessor,char,java.util.Locale)>/java.util.Formatter$FormatSpecifier.print/17
<java.util.Formatter$FormatSpecifier: java.lang.Appendable print(java.lang.StringBuilder,java.time.temporal.TemporalAccessor,char,java.util.Locale)>	<java.util.Formatter$FormatSpecifier: java.lang.Appendable print(java.lang.StringBuilder,java.time.temporal.TemporalAccessor,char,java.util.Locale)>/java.util.Formatter$FormatSpecifier.print/18
<sun.security.provider.X509Factory: int readBERInternal(java.io.InputStream,java.io.ByteArrayOutputStream,int)>	<sun.security.provider.X509Factory: int readBERInternal(java.io.InputStream,java.io.ByteArrayOutputStream,int)>/sun.security.provider.X509Factory.readBERInternal/0
<java.lang.ClassLoader: java.lang.Class loadClass(java.lang.String,boolean)>	<java.lang.ClassLoader: java.lang.Class loadClass(java.lang.String,boolean)>/java.lang.ClassLoader.loadClass/0
<java.lang.ClassLoader: java.util.Enumeration getResources(java.lang.String)>	<java.lang.ClassLoader: java.util.Enumeration getResources(java.lang.String)>/java.lang.ClassLoader.getResources/0
<java.lang.Class: java.lang.reflect.Field getField0(java.lang.String)>	<java.lang.Class: java.lang.reflect.Field getField0(java.lang.String)>/java.lang.Class.getField0/0
<java.lang.Class: java.lang.reflect.Field getField0(java.lang.String)>	<java.lang.Class: java.lang.reflect.Field getField0(java.lang.String)>/java.lang.Class.getField0/1
<sun.misc.ExtensionInfo: int strictCompareExtensionVersion(java.lang.String,java.lang.String)>	<sun.misc.ExtensionInfo: int strictCompareExtensionVersion(java.lang.String,java.lang.String)>/sun.misc.ExtensionInfo.strictCompareExtensionVersion/0
<jdk.internal.util.xml.impl.Parser: void attr(jdk.internal.util.xml.impl.Pair)>	<jdk.internal.util.xml.impl.Parser: void attr(jdk.internal.util.xml.impl.Pair)>/jdk.internal.util.xml.impl.Parser.attr/0
<jdk.internal.util.xml.impl.Parser: void attr(jdk.internal.util.xml.impl.Pair)>	<jdk.internal.util.xml.impl.Parser: void attr(jdk.internal.util.xml.impl.Pair)>/jdk.internal.util.xml.impl.Parser.attr/1
<jdk.internal.util.xml.impl.Parser: void attr(jdk.internal.util.xml.impl.Pair)>	<jdk.internal.util.xml.impl.Parser: void attr(jdk.internal.util.xml.impl.Pair)>/jdk.internal.util.xml.impl.Parser.attr/2
<jdk.internal.util.xml.impl.Parser: char getch()>	<jdk.internal.util.xml.impl.Parser: char getch()>/jdk.internal.util.xml.impl.Parser.getch/0
<jdk.internal.util.xml.impl.Parser: char getch()>	<jdk.internal.util.xml.impl.Parser: char getch()>/jdk.internal.util.xml.impl.Parser.getch/1
<sun.security.ssl.KerberosClientKeyExchange: void send(sun.security.ssl.HandshakeOutStream)>	<sun.security.ssl.KerberosClientKeyExchange: void send(sun.security.ssl.HandshakeOutStream)>/sun.security.ssl.KerberosClientKeyExchange.send/0
<sun.security.ssl.KerberosClientKeyExchange: void print(java.io.PrintStream)>	<sun.security.ssl.KerberosClientKeyExchange: void print(java.io.PrintStream)>/sun.security.ssl.KerberosClientKeyExchange.print/0
<sun.security.ssl.KerberosClientKeyExchange: void init(java.lang.String,java.security.AccessControlContext,sun.security.ssl.ProtocolVersion,java.security.SecureRandom)>	<sun.security.ssl.KerberosClientKeyExchange: void init(java.lang.String,java.security.AccessControlContext,sun.security.ssl.ProtocolVersion,java.security.SecureRandom)>/sun.security.ssl.KerberosClientKeyExchange.init/0
<sun.security.ssl.KerberosClientKeyExchange: void init(sun.security.ssl.ProtocolVersion,sun.security.ssl.ProtocolVersion,java.security.SecureRandom,sun.security.ssl.HandshakeInStream,java.security.AccessControlContext,java.lang.Object)>	<sun.security.ssl.KerberosClientKeyExchange: void init(sun.security.ssl.ProtocolVersion,sun.security.ssl.ProtocolVersion,java.security.SecureRandom,sun.security.ssl.HandshakeInStream,java.security.AccessControlContext,java.lang.Object)>/sun.security.ssl.KerberosClientKeyExchange.init/0
<java.util.DualPivotQuicksort: void sort(int[],int,int,boolean)>	<java.util.DualPivotQuicksort: void sort(int[],int,int,boolean)>/java.util.DualPivotQuicksort.sort/0
<java.util.DualPivotQuicksort: void sort(int[],int,int,boolean)>	<java.util.DualPivotQuicksort: void sort(int[],int,int,boolean)>/java.util.DualPivotQuicksort.sort/1
<java.util.DualPivotQuicksort: void sort(int[],int,int,boolean)>	<java.util.DualPivotQuicksort: void sort(int[],int,int,boolean)>/java.util.DualPivotQuicksort.sort/2
<java.util.DualPivotQuicksort: void sort(int[],int,int,boolean)>	<java.util.DualPivotQuicksort: void sort(int[],int,int,boolean)>/java.util.DualPivotQuicksort.sort/3
<java.util.DualPivotQuicksort: void sort(int[],int,int,boolean)>	<java.util.DualPivotQuicksort: void sort(int[],int,int,boolean)>/java.util.DualPivotQuicksort.sort/4
<java.util.DualPivotQuicksort: void sort(long[],int,int,boolean)>	<java.util.DualPivotQuicksort: void sort(long[],int,int,boolean)>/java.util.DualPivotQuicksort.sort/0
<java.util.DualPivotQuicksort: void sort(long[],int,int,boolean)>	<java.util.DualPivotQuicksort: void sort(long[],int,int,boolean)>/java.util.DualPivotQuicksort.sort/1
<java.util.DualPivotQuicksort: void sort(long[],int,int,boolean)>	<java.util.DualPivotQuicksort: void sort(long[],int,int,boolean)>/java.util.DualPivotQuicksort.sort/2
<java.util.DualPivotQuicksort: void sort(long[],int,int,boolean)>	<java.util.DualPivotQuicksort: void sort(long[],int,int,boolean)>/java.util.DualPivotQuicksort.sort/3
<java.util.DualPivotQuicksort: void sort(long[],int,int,boolean)>	<java.util.DualPivotQuicksort: void sort(long[],int,int,boolean)>/java.util.DualPivotQuicksort.sort/4
<java.util.DualPivotQuicksort: void sort(short[],int,int,boolean)>	<java.util.DualPivotQuicksort: void sort(short[],int,int,boolean)>/java.util.DualPivotQuicksort.sort/0
<java.util.DualPivotQuicksort: void sort(short[],int,int,boolean)>	<java.util.DualPivotQuicksort: void sort(short[],int,int,boolean)>/java.util.DualPivotQuicksort.sort/1
<java.util.DualPivotQuicksort: void sort(short[],int,int,boolean)>	<java.util.DualPivotQuicksort: void sort(short[],int,int,boolean)>/java.util.DualPivotQuicksort.sort/2
<java.util.DualPivotQuicksort: void sort(short[],int,int,boolean)>	<java.util.DualPivotQuicksort: void sort(short[],int,int,boolean)>/java.util.DualPivotQuicksort.sort/3
<java.util.DualPivotQuicksort: void sort(short[],int,int,boolean)>	<java.util.DualPivotQuicksort: void sort(short[],int,int,boolean)>/java.util.DualPivotQuicksort.sort/4
<java.util.DualPivotQuicksort: void sort(char[],int,int,boolean)>	<java.util.DualPivotQuicksort: void sort(char[],int,int,boolean)>/java.util.DualPivotQuicksort.sort/0
<java.util.DualPivotQuicksort: void sort(char[],int,int,boolean)>	<java.util.DualPivotQuicksort: void sort(char[],int,int,boolean)>/java.util.DualPivotQuicksort.sort/1
<java.util.DualPivotQuicksort: void sort(char[],int,int,boolean)>	<java.util.DualPivotQuicksort: void sort(char[],int,int,boolean)>/java.util.DualPivotQuicksort.sort/2
<java.util.DualPivotQuicksort: void sort(char[],int,int,boolean)>	<java.util.DualPivotQuicksort: void sort(char[],int,int,boolean)>/java.util.DualPivotQuicksort.sort/3
<java.util.DualPivotQuicksort: void sort(char[],int,int,boolean)>	<java.util.DualPivotQuicksort: void sort(char[],int,int,boolean)>/java.util.DualPivotQuicksort.sort/4
<java.util.DualPivotQuicksort: void sort(float[],int,int,boolean)>	<java.util.DualPivotQuicksort: void sort(float[],int,int,boolean)>/java.util.DualPivotQuicksort.sort/0
<java.util.DualPivotQuicksort: void sort(float[],int,int,boolean)>	<java.util.DualPivotQuicksort: void sort(float[],int,int,boolean)>/java.util.DualPivotQuicksort.sort/1
<java.util.DualPivotQuicksort: void sort(float[],int,int,boolean)>	<java.util.DualPivotQuicksort: void sort(float[],int,int,boolean)>/java.util.DualPivotQuicksort.sort/2
<java.util.DualPivotQuicksort: void sort(float[],int,int,boolean)>	<java.util.DualPivotQuicksort: void sort(float[],int,int,boolean)>/java.util.DualPivotQuicksort.sort/3
<java.util.DualPivotQuicksort: void sort(float[],int,int,boolean)>	<java.util.DualPivotQuicksort: void sort(float[],int,int,boolean)>/java.util.DualPivotQuicksort.sort/4
<java.util.DualPivotQuicksort: void sort(double[],int,int,boolean)>	<java.util.DualPivotQuicksort: void sort(double[],int,int,boolean)>/java.util.DualPivotQuicksort.sort/0
<java.util.DualPivotQuicksort: void sort(double[],int,int,boolean)>	<java.util.DualPivotQuicksort: void sort(double[],int,int,boolean)>/java.util.DualPivotQuicksort.sort/1
<java.util.DualPivotQuicksort: void sort(double[],int,int,boolean)>	<java.util.DualPivotQuicksort: void sort(double[],int,int,boolean)>/java.util.DualPivotQuicksort.sort/2
<java.util.DualPivotQuicksort: void sort(double[],int,int,boolean)>	<java.util.DualPivotQuicksort: void sort(double[],int,int,boolean)>/java.util.DualPivotQuicksort.sort/3
<java.util.DualPivotQuicksort: void sort(double[],int,int,boolean)>	<java.util.DualPivotQuicksort: void sort(double[],int,int,boolean)>/java.util.DualPivotQuicksort.sort/4
<java.lang.invoke.MethodHandleImpl: java.lang.invoke.MethodHandle throwException(java.lang.invoke.MethodType)>	<java.lang.invoke.MethodHandleImpl: java.lang.invoke.MethodHandle throwException(java.lang.invoke.MethodType)>/java.lang.invoke.MethodHandleImpl.throwException/0
<java.util.concurrent.ConcurrentHashMap$TreeNode: java.util.concurrent.ConcurrentHashMap$TreeNode findTreeNode(int,java.lang.Object,java.lang.Class)>	<java.util.concurrent.ConcurrentHashMap$TreeNode: java.util.concurrent.ConcurrentHashMap$TreeNode findTreeNode(int,java.lang.Object,java.lang.Class)>/java.util.concurrent.ConcurrentHashMap$TreeNode.findTreeNode/0
<org.mvel2.util.PropertyTools: boolean isEmpty(java.lang.Object)>	<org.mvel2.util.PropertyTools: boolean isEmpty(java.lang.Object)>/org.mvel2.util.PropertyTools.isEmpty/0
<java.util.stream.LongStream: java.util.stream.LongStream range(long,long)>	<java.util.stream.LongStream: java.util.stream.LongStream range(long,long)>/java.util.stream.LongStream.range/0
<java.util.stream.LongStream: java.util.stream.LongStream range(long,long)>	<java.util.stream.LongStream: java.util.stream.LongStream range(long,long)>/java.util.stream.LongStream.range/1
<java.util.stream.LongStream: java.util.stream.LongStream rangeClosed(long,long)>	<java.util.stream.LongStream: java.util.stream.LongStream rangeClosed(long,long)>/java.util.stream.LongStream.rangeClosed/0
<jdk.internal.org.objectweb.asm.FieldVisitor: jdk.internal.org.objectweb.asm.AnnotationVisitor visitAnnotation(java.lang.String,boolean)>	<jdk.internal.org.objectweb.asm.FieldVisitor: jdk.internal.org.objectweb.asm.AnnotationVisitor visitAnnotation(java.lang.String,boolean)>/jdk.internal.org.objectweb.asm.FieldVisitor.visitAnnotation/0
<jdk.internal.org.objectweb.asm.FieldVisitor: jdk.internal.org.objectweb.asm.AnnotationVisitor visitTypeAnnotation(int,jdk.internal.org.objectweb.asm.TypePath,java.lang.String,boolean)>	<jdk.internal.org.objectweb.asm.FieldVisitor: jdk.internal.org.objectweb.asm.AnnotationVisitor visitTypeAnnotation(int,jdk.internal.org.objectweb.asm.TypePath,java.lang.String,boolean)>/jdk.internal.org.objectweb.asm.FieldVisitor.visitTypeAnnotation/0
<jdk.internal.org.objectweb.asm.FieldVisitor: void visitAttribute(jdk.internal.org.objectweb.asm.Attribute)>	<jdk.internal.org.objectweb.asm.FieldVisitor: void visitAttribute(jdk.internal.org.objectweb.asm.Attribute)>/jdk.internal.org.objectweb.asm.FieldVisitor.visitAttribute/0
<org.mvel2.ast.IfNode: java.lang.Object getReducedValueAccelerated(java.lang.Object,java.lang.Object,org.mvel2.integration.VariableResolverFactory)>	<org.mvel2.ast.IfNode: java.lang.Object getReducedValueAccelerated(java.lang.Object,java.lang.Object,org.mvel2.integration.VariableResolverFactory)>/org.mvel2.ast.IfNode.getReducedValueAccelerated/0
<org.mvel2.ast.IfNode: java.lang.Object getReducedValue(java.lang.Object,java.lang.Object,org.mvel2.integration.VariableResolverFactory)>	<org.mvel2.ast.IfNode: java.lang.Object getReducedValue(java.lang.Object,java.lang.Object,org.mvel2.integration.VariableResolverFactory)>/org.mvel2.ast.IfNode.getReducedValue/0
<org.mvel2.compiler.CompiledAccExpression: java.lang.Object getValue(java.lang.Object,org.mvel2.integration.VariableResolverFactory)>	<org.mvel2.compiler.CompiledAccExpression: java.lang.Object getValue(java.lang.Object,org.mvel2.integration.VariableResolverFactory)>/org.mvel2.compiler.CompiledAccExpression.getValue/0
<org.mvel2.compiler.CompiledAccExpression: java.lang.Object getValue(java.lang.Object,java.lang.Object,org.mvel2.integration.VariableResolverFactory)>	<org.mvel2.compiler.CompiledAccExpression: java.lang.Object getValue(java.lang.Object,java.lang.Object,org.mvel2.integration.VariableResolverFactory)>/org.mvel2.compiler.CompiledAccExpression.getValue/0
<org.mvel2.optimizers.impl.refl.nodes.FieldAccessor: java.lang.Object setValue(java.lang.Object,java.lang.Object,org.mvel2.integration.VariableResolverFactory,java.lang.Object)>	<org.mvel2.optimizers.impl.refl.nodes.FieldAccessor: java.lang.Object setValue(java.lang.Object,java.lang.Object,org.mvel2.integration.VariableResolverFactory,java.lang.Object)>/org.mvel2.optimizers.impl.refl.nodes.FieldAccessor.setValue/0
<sun.text.normalizer.UnicodeSet: void applyPattern(sun.text.normalizer.RuleCharacterIterator,sun.text.normalizer.SymbolTable,java.lang.StringBuffer,int)>	<sun.text.normalizer.UnicodeSet: void applyPattern(sun.text.normalizer.RuleCharacterIterator,sun.text.normalizer.SymbolTable,java.lang.StringBuffer,int)>/sun.text.normalizer.UnicodeSet.applyPattern/0
<java.util.JapaneseImperialCalendar: int getActualMaximum(int)>	<java.util.JapaneseImperialCalendar: int getActualMaximum(int)>/java.util.JapaneseImperialCalendar.getActualMaximum/0
<sun.text.normalizer.Utility: int unescapeAt(java.lang.String,int[])>	<sun.text.normalizer.Utility: int unescapeAt(java.lang.String,int[])>/sun.text.normalizer.Utility.unescapeAt/0
<sun.text.normalizer.Utility: void recursiveAppendNumber(java.lang.StringBuffer,int,int,int)>	<sun.text.normalizer.Utility: void recursiveAppendNumber(java.lang.StringBuffer,int,int,int)>/sun.text.normalizer.Utility.recursiveAppendNumber/0
<java.lang.Throwable: void printEnclosedStackTrace(java.lang.Throwable$PrintStreamOrWriter,java.lang.StackTraceElement[],java.lang.String,java.lang.String,java.util.Set)>	<java.lang.Throwable: void printEnclosedStackTrace(java.lang.Throwable$PrintStreamOrWriter,java.lang.StackTraceElement[],java.lang.String,java.lang.String,java.util.Set)>/java.lang.Throwable.printEnclosedStackTrace/0
<java.lang.Throwable: void printEnclosedStackTrace(java.lang.Throwable$PrintStreamOrWriter,java.lang.StackTraceElement[],java.lang.String,java.lang.String,java.util.Set)>	<java.lang.Throwable: void printEnclosedStackTrace(java.lang.Throwable$PrintStreamOrWriter,java.lang.StackTraceElement[],java.lang.String,java.lang.String,java.util.Set)>/java.lang.Throwable.printEnclosedStackTrace/1
<org.mvel2.optimizers.impl.refl.nodes.SetterAccessor: java.lang.Object setValue(java.lang.Object,java.lang.Object,org.mvel2.integration.VariableResolverFactory,java.lang.Object)>	<org.mvel2.optimizers.impl.refl.nodes.SetterAccessor: java.lang.Object setValue(java.lang.Object,java.lang.Object,org.mvel2.integration.VariableResolverFactory,java.lang.Object)>/org.mvel2.optimizers.impl.refl.nodes.SetterAccessor.setValue/0
<org.mvel2.templates.TemplateRuntime: java.lang.Object eval(java.io.InputStream,java.lang.Object,org.mvel2.integration.VariableResolverFactory)>	<org.mvel2.templates.TemplateRuntime: java.lang.Object eval(java.io.InputStream,java.lang.Object,org.mvel2.integration.VariableResolverFactory)>/org.mvel2.templates.TemplateRuntime.eval/0
<java.lang.reflect.Method: void setMethodAccessor(sun.reflect.MethodAccessor)>	<java.lang.reflect.Method: void setMethodAccessor(sun.reflect.MethodAccessor)>/java.lang.reflect.Method.setMethodAccessor/0
<org.mvel2.DataConversion: boolean canConvert(java.lang.Class,java.lang.Class)>	<org.mvel2.DataConversion: boolean canConvert(java.lang.Class,java.lang.Class)>/org.mvel2.DataConversion.canConvert/0
<org.mvel2.asm.AnnotationVisitor: void visit(java.lang.String,java.lang.Object)>	<org.mvel2.asm.AnnotationVisitor: void visit(java.lang.String,java.lang.Object)>/org.mvel2.asm.AnnotationVisitor.visit/0
<org.mvel2.asm.AnnotationVisitor: void visitEnum(java.lang.String,java.lang.String,java.lang.String)>	<org.mvel2.asm.AnnotationVisitor: void visitEnum(java.lang.String,java.lang.String,java.lang.String)>/org.mvel2.asm.AnnotationVisitor.visitEnum/0
<org.mvel2.asm.AnnotationVisitor: org.mvel2.asm.AnnotationVisitor visitAnnotation(java.lang.String,java.lang.String)>	<org.mvel2.asm.AnnotationVisitor: org.mvel2.asm.AnnotationVisitor visitAnnotation(java.lang.String,java.lang.String)>/org.mvel2.asm.AnnotationVisitor.visitAnnotation/0
<org.mvel2.asm.AnnotationVisitor: org.mvel2.asm.AnnotationVisitor visitArray(java.lang.String)>	<org.mvel2.asm.AnnotationVisitor: org.mvel2.asm.AnnotationVisitor visitArray(java.lang.String)>/org.mvel2.asm.AnnotationVisitor.visitArray/0
<java.util.stream.SliceOps$SliceTask: long completedSize(long)>	<java.util.stream.SliceOps$SliceTask: long completedSize(long)>/java.util.stream.SliceOps$SliceTask.completedSize/0
<java.util.stream.SliceOps$SliceTask: long completedSize(long)>	<java.util.stream.SliceOps$SliceTask: long completedSize(long)>/java.util.stream.SliceOps$SliceTask.completedSize/1
<org.mvel2.compiler.CompiledExpression: java.lang.Object getValue(java.lang.Object,org.mvel2.integration.VariableResolverFactory)>	<org.mvel2.compiler.CompiledExpression: java.lang.Object getValue(java.lang.Object,org.mvel2.integration.VariableResolverFactory)>/org.mvel2.compiler.CompiledExpression.getValue/0
<org.mvel2.asm.signature.SignatureReader: int parseType(java.lang.String,int,org.mvel2.asm.signature.SignatureVisitor)>	<org.mvel2.asm.signature.SignatureReader: int parseType(java.lang.String,int,org.mvel2.asm.signature.SignatureVisitor)>/org.mvel2.asm.signature.SignatureReader.parseType/0
<org.mvel2.asm.signature.SignatureReader: int parseType(java.lang.String,int,org.mvel2.asm.signature.SignatureVisitor)>	<org.mvel2.asm.signature.SignatureReader: int parseType(java.lang.String,int,org.mvel2.asm.signature.SignatureVisitor)>/org.mvel2.asm.signature.SignatureReader.parseType/1
<org.mvel2.asm.signature.SignatureReader: int parseType(java.lang.String,int,org.mvel2.asm.signature.SignatureVisitor)>	<org.mvel2.asm.signature.SignatureReader: int parseType(java.lang.String,int,org.mvel2.asm.signature.SignatureVisitor)>/org.mvel2.asm.signature.SignatureReader.parseType/2
<sun.reflect.AccessorGenerator: java.lang.String getClassName(java.lang.Class,boolean)>	<sun.reflect.AccessorGenerator: java.lang.String getClassName(java.lang.Class,boolean)>/sun.reflect.AccessorGenerator.getClassName/0
<org.mvel2.asm.FieldVisitor: org.mvel2.asm.AnnotationVisitor visitAnnotation(java.lang.String,boolean)>	<org.mvel2.asm.FieldVisitor: org.mvel2.asm.AnnotationVisitor visitAnnotation(java.lang.String,boolean)>/org.mvel2.asm.FieldVisitor.visitAnnotation/0
<org.mvel2.asm.FieldVisitor: org.mvel2.asm.AnnotationVisitor visitTypeAnnotation(int,org.mvel2.asm.TypePath,java.lang.String,boolean)>	<org.mvel2.asm.FieldVisitor: org.mvel2.asm.AnnotationVisitor visitTypeAnnotation(int,org.mvel2.asm.TypePath,java.lang.String,boolean)>/org.mvel2.asm.FieldVisitor.visitTypeAnnotation/0
<org.mvel2.asm.FieldVisitor: void visitAttribute(org.mvel2.asm.Attribute)>	<org.mvel2.asm.FieldVisitor: void visitAttribute(org.mvel2.asm.Attribute)>/org.mvel2.asm.FieldVisitor.visitAttribute/0
<jdk.internal.org.objectweb.asm.Handler: jdk.internal.org.objectweb.asm.Handler remove(jdk.internal.org.objectweb.asm.Handler,jdk.internal.org.objectweb.asm.Label,jdk.internal.org.objectweb.asm.Label)>	<jdk.internal.org.objectweb.asm.Handler: jdk.internal.org.objectweb.asm.Handler remove(jdk.internal.org.objectweb.asm.Handler,jdk.internal.org.objectweb.asm.Label,jdk.internal.org.objectweb.asm.Label)>/jdk.internal.org.objectweb.asm.Handler.remove/0
<org.mvel2.optimizers.impl.refl.nodes.ConstructorAccessor: java.lang.Object getValue(java.lang.Object,java.lang.Object,org.mvel2.integration.VariableResolverFactory)>	<org.mvel2.optimizers.impl.refl.nodes.ConstructorAccessor: java.lang.Object getValue(java.lang.Object,java.lang.Object,org.mvel2.integration.VariableResolverFactory)>/org.mvel2.optimizers.impl.refl.nodes.ConstructorAccessor.getValue/0
<sun.util.locale.provider.TimeZoneNameUtility$TimeZoneNameGetter: java.lang.String examineAliases(java.util.spi.TimeZoneNameProvider,java.util.Locale,java.lang.String,java.lang.String,int,java.util.Map)>	<sun.util.locale.provider.TimeZoneNameUtility$TimeZoneNameGetter: java.lang.String examineAliases(java.util.spi.TimeZoneNameProvider,java.util.Locale,java.lang.String,java.lang.String,int,java.util.Map)>/sun.util.locale.provider.TimeZoneNameUtility$TimeZoneNameGetter.examineAliases/0
<org.mvel2.optimizers.impl.refl.ReflectiveAccessorOptimizer: org.mvel2.compiler.Accessor _getAccessor(java.lang.Object,java.lang.Class)>	<org.mvel2.optimizers.impl.refl.ReflectiveAccessorOptimizer: org.mvel2.compiler.Accessor _getAccessor(java.lang.Object,java.lang.Class)>/org.mvel2.optimizers.impl.refl.ReflectiveAccessorOptimizer._getAccessor/0
<org.mvel2.optimizers.impl.refl.ReflectiveAccessorOptimizer: org.mvel2.compiler.Accessor _getAccessor(java.lang.Object,java.lang.Class)>	<org.mvel2.optimizers.impl.refl.ReflectiveAccessorOptimizer: org.mvel2.compiler.Accessor _getAccessor(java.lang.Object,java.lang.Class)>/org.mvel2.optimizers.impl.refl.ReflectiveAccessorOptimizer._getAccessor/1
<org.mvel2.optimizers.impl.refl.ReflectiveAccessorOptimizer: org.mvel2.compiler.Accessor _getAccessor(java.lang.Object,java.lang.Class)>	<org.mvel2.optimizers.impl.refl.ReflectiveAccessorOptimizer: org.mvel2.compiler.Accessor _getAccessor(java.lang.Object,java.lang.Class)>/org.mvel2.optimizers.impl.refl.ReflectiveAccessorOptimizer._getAccessor/2
<org.mvel2.optimizers.impl.refl.ReflectiveAccessorOptimizer: org.mvel2.compiler.Accessor _getAccessor(java.lang.Object,java.lang.Class)>	<org.mvel2.optimizers.impl.refl.ReflectiveAccessorOptimizer: org.mvel2.compiler.Accessor _getAccessor(java.lang.Object,java.lang.Class)>/org.mvel2.optimizers.impl.refl.ReflectiveAccessorOptimizer._getAccessor/3
<java.time.temporal.WeekFields$ComputedDayOfField: int localizedWeekOfWeekBasedYear(java.time.temporal.TemporalAccessor)>	<java.time.temporal.WeekFields$ComputedDayOfField: int localizedWeekOfWeekBasedYear(java.time.temporal.TemporalAccessor)>/java.time.temporal.WeekFields$ComputedDayOfField.localizedWeekOfWeekBasedYear/0
<java.time.temporal.WeekFields$ComputedDayOfField: java.time.temporal.ValueRange rangeWeekOfWeekBasedYear(java.time.temporal.TemporalAccessor)>	<java.time.temporal.WeekFields$ComputedDayOfField: java.time.temporal.ValueRange rangeWeekOfWeekBasedYear(java.time.temporal.TemporalAccessor)>/java.time.temporal.WeekFields$ComputedDayOfField.rangeWeekOfWeekBasedYear/0
<java.time.temporal.WeekFields$ComputedDayOfField: java.time.temporal.ValueRange rangeWeekOfWeekBasedYear(java.time.temporal.TemporalAccessor)>	<java.time.temporal.WeekFields$ComputedDayOfField: java.time.temporal.ValueRange rangeWeekOfWeekBasedYear(java.time.temporal.TemporalAccessor)>/java.time.temporal.WeekFields$ComputedDayOfField.rangeWeekOfWeekBasedYear/1
<jdk.internal.org.objectweb.asm.MethodVisitor: void visitParameter(java.lang.String,int)>	<jdk.internal.org.objectweb.asm.MethodVisitor: void visitParameter(java.lang.String,int)>/jdk.internal.org.objectweb.asm.MethodVisitor.visitParameter/0
<jdk.internal.org.objectweb.asm.MethodVisitor: jdk.internal.org.objectweb.asm.AnnotationVisitor visitAnnotation(java.lang.String,boolean)>	<jdk.internal.org.objectweb.asm.MethodVisitor: jdk.internal.org.objectweb.asm.AnnotationVisitor visitAnnotation(java.lang.String,boolean)>/jdk.internal.org.objectweb.asm.MethodVisitor.visitAnnotation/0
<jdk.internal.org.objectweb.asm.MethodVisitor: jdk.internal.org.objectweb.asm.AnnotationVisitor visitTypeAnnotation(int,jdk.internal.org.objectweb.asm.TypePath,java.lang.String,boolean)>	<jdk.internal.org.objectweb.asm.MethodVisitor: jdk.internal.org.objectweb.asm.AnnotationVisitor visitTypeAnnotation(int,jdk.internal.org.objectweb.asm.TypePath,java.lang.String,boolean)>/jdk.internal.org.objectweb.asm.MethodVisitor.visitTypeAnnotation/0
<jdk.internal.org.objectweb.asm.MethodVisitor: jdk.internal.org.objectweb.asm.AnnotationVisitor visitParameterAnnotation(int,java.lang.String,boolean)>	<jdk.internal.org.objectweb.asm.MethodVisitor: jdk.internal.org.objectweb.asm.AnnotationVisitor visitParameterAnnotation(int,java.lang.String,boolean)>/jdk.internal.org.objectweb.asm.MethodVisitor.visitParameterAnnotation/0
<jdk.internal.org.objectweb.asm.MethodVisitor: void visitAttribute(jdk.internal.org.objectweb.asm.Attribute)>	<jdk.internal.org.objectweb.asm.MethodVisitor: void visitAttribute(jdk.internal.org.objectweb.asm.Attribute)>/jdk.internal.org.objectweb.asm.MethodVisitor.visitAttribute/0
<jdk.internal.org.objectweb.asm.MethodVisitor: void visitFrame(int,int,java.lang.Object[],int,java.lang.Object[])>	<jdk.internal.org.objectweb.asm.MethodVisitor: void visitFrame(int,int,java.lang.Object[],int,java.lang.Object[])>/jdk.internal.org.objectweb.asm.MethodVisitor.visitFrame/0
<jdk.internal.org.objectweb.asm.MethodVisitor: void visitInsn(int)>	<jdk.internal.org.objectweb.asm.MethodVisitor: void visitInsn(int)>/jdk.internal.org.objectweb.asm.MethodVisitor.visitInsn/0
<jdk.internal.org.objectweb.asm.MethodVisitor: void visitIntInsn(int,int)>	<jdk.internal.org.objectweb.asm.MethodVisitor: void visitIntInsn(int,int)>/jdk.internal.org.objectweb.asm.MethodVisitor.visitIntInsn/0
<jdk.internal.org.objectweb.asm.MethodVisitor: void visitVarInsn(int,int)>	<jdk.internal.org.objectweb.asm.MethodVisitor: void visitVarInsn(int,int)>/jdk.internal.org.objectweb.asm.MethodVisitor.visitVarInsn/0
<jdk.internal.org.objectweb.asm.MethodVisitor: void visitTypeInsn(int,java.lang.String)>	<jdk.internal.org.objectweb.asm.MethodVisitor: void visitTypeInsn(int,java.lang.String)>/jdk.internal.org.objectweb.asm.MethodVisitor.visitTypeInsn/0
<jdk.internal.org.objectweb.asm.MethodVisitor: void visitFieldInsn(int,java.lang.String,java.lang.String,java.lang.String)>	<jdk.internal.org.objectweb.asm.MethodVisitor: void visitFieldInsn(int,java.lang.String,java.lang.String,java.lang.String)>/jdk.internal.org.objectweb.asm.MethodVisitor.visitFieldInsn/0
<jdk.internal.org.objectweb.asm.MethodVisitor: void visitMethodInsn(int,java.lang.String,java.lang.String,java.lang.String)>	<jdk.internal.org.objectweb.asm.MethodVisitor: void visitMethodInsn(int,java.lang.String,java.lang.String,java.lang.String)>/jdk.internal.org.objectweb.asm.MethodVisitor.visitMethodInsn/1
<jdk.internal.org.objectweb.asm.MethodVisitor: void visitMethodInsn(int,java.lang.String,java.lang.String,java.lang.String,boolean)>	<jdk.internal.org.objectweb.asm.MethodVisitor: void visitMethodInsn(int,java.lang.String,java.lang.String,java.lang.String,boolean)>/jdk.internal.org.objectweb.asm.MethodVisitor.visitMethodInsn/1
<jdk.internal.org.objectweb.asm.MethodVisitor: void visitInvokeDynamicInsn(java.lang.String,java.lang.String,jdk.internal.org.objectweb.asm.Handle,java.lang.Object[])>	<jdk.internal.org.objectweb.asm.MethodVisitor: void visitInvokeDynamicInsn(java.lang.String,java.lang.String,jdk.internal.org.objectweb.asm.Handle,java.lang.Object[])>/jdk.internal.org.objectweb.asm.MethodVisitor.visitInvokeDynamicInsn/0
<jdk.internal.org.objectweb.asm.MethodVisitor: void visitJumpInsn(int,jdk.internal.org.objectweb.asm.Label)>	<jdk.internal.org.objectweb.asm.MethodVisitor: void visitJumpInsn(int,jdk.internal.org.objectweb.asm.Label)>/jdk.internal.org.objectweb.asm.MethodVisitor.visitJumpInsn/0
<jdk.internal.org.objectweb.asm.MethodVisitor: void visitLabel(jdk.internal.org.objectweb.asm.Label)>	<jdk.internal.org.objectweb.asm.MethodVisitor: void visitLabel(jdk.internal.org.objectweb.asm.Label)>/jdk.internal.org.objectweb.asm.MethodVisitor.visitLabel/0
<jdk.internal.org.objectweb.asm.MethodVisitor: void visitLdcInsn(java.lang.Object)>	<jdk.internal.org.objectweb.asm.MethodVisitor: void visitLdcInsn(java.lang.Object)>/jdk.internal.org.objectweb.asm.MethodVisitor.visitLdcInsn/0
<jdk.internal.org.objectweb.asm.MethodVisitor: void visitIincInsn(int,int)>	<jdk.internal.org.objectweb.asm.MethodVisitor: void visitIincInsn(int,int)>/jdk.internal.org.objectweb.asm.MethodVisitor.visitIincInsn/0
<jdk.internal.org.objectweb.asm.MethodVisitor: void visitTableSwitchInsn(int,int,jdk.internal.org.objectweb.asm.Label,jdk.internal.org.objectweb.asm.Label[])>	<jdk.internal.org.objectweb.asm.MethodVisitor: void visitTableSwitchInsn(int,int,jdk.internal.org.objectweb.asm.Label,jdk.internal.org.objectweb.asm.Label[])>/jdk.internal.org.objectweb.asm.MethodVisitor.visitTableSwitchInsn/0
<jdk.internal.org.objectweb.asm.MethodVisitor: void visitLookupSwitchInsn(jdk.internal.org.objectweb.asm.Label,int[],jdk.internal.org.objectweb.asm.Label[])>	<jdk.internal.org.objectweb.asm.MethodVisitor: void visitLookupSwitchInsn(jdk.internal.org.objectweb.asm.Label,int[],jdk.internal.org.objectweb.asm.Label[])>/jdk.internal.org.objectweb.asm.MethodVisitor.visitLookupSwitchInsn/0
<jdk.internal.org.objectweb.asm.MethodVisitor: void visitMultiANewArrayInsn(java.lang.String,int)>	<jdk.internal.org.objectweb.asm.MethodVisitor: void visitMultiANewArrayInsn(java.lang.String,int)>/jdk.internal.org.objectweb.asm.MethodVisitor.visitMultiANewArrayInsn/0
<jdk.internal.org.objectweb.asm.MethodVisitor: jdk.internal.org.objectweb.asm.AnnotationVisitor visitInsnAnnotation(int,jdk.internal.org.objectweb.asm.TypePath,java.lang.String,boolean)>	<jdk.internal.org.objectweb.asm.MethodVisitor: jdk.internal.org.objectweb.asm.AnnotationVisitor visitInsnAnnotation(int,jdk.internal.org.objectweb.asm.TypePath,java.lang.String,boolean)>/jdk.internal.org.objectweb.asm.MethodVisitor.visitInsnAnnotation/0
<jdk.internal.org.objectweb.asm.MethodVisitor: void visitTryCatchBlock(jdk.internal.org.objectweb.asm.Label,jdk.internal.org.objectweb.asm.Label,jdk.internal.org.objectweb.asm.Label,java.lang.String)>	<jdk.internal.org.objectweb.asm.MethodVisitor: void visitTryCatchBlock(jdk.internal.org.objectweb.asm.Label,jdk.internal.org.objectweb.asm.Label,jdk.internal.org.objectweb.asm.Label,java.lang.String)>/jdk.internal.org.objectweb.asm.MethodVisitor.visitTryCatchBlock/0
<jdk.internal.org.objectweb.asm.MethodVisitor: jdk.internal.org.objectweb.asm.AnnotationVisitor visitTryCatchAnnotation(int,jdk.internal.org.objectweb.asm.TypePath,java.lang.String,boolean)>	<jdk.internal.org.objectweb.asm.MethodVisitor: jdk.internal.org.objectweb.asm.AnnotationVisitor visitTryCatchAnnotation(int,jdk.internal.org.objectweb.asm.TypePath,java.lang.String,boolean)>/jdk.internal.org.objectweb.asm.MethodVisitor.visitTryCatchAnnotation/0
<jdk.internal.org.objectweb.asm.MethodVisitor: void visitLocalVariable(java.lang.String,java.lang.String,java.lang.String,jdk.internal.org.objectweb.asm.Label,jdk.internal.org.objectweb.asm.Label,int)>	<jdk.internal.org.objectweb.asm.MethodVisitor: void visitLocalVariable(java.lang.String,java.lang.String,java.lang.String,jdk.internal.org.objectweb.asm.Label,jdk.internal.org.objectweb.asm.Label,int)>/jdk.internal.org.objectweb.asm.MethodVisitor.visitLocalVariable/0
<jdk.internal.org.objectweb.asm.MethodVisitor: jdk.internal.org.objectweb.asm.AnnotationVisitor visitLocalVariableAnnotation(int,jdk.internal.org.objectweb.asm.TypePath,jdk.internal.org.objectweb.asm.Label[],jdk.internal.org.objectweb.asm.Label[],int[],java.lang.String,boolean)>	<jdk.internal.org.objectweb.asm.MethodVisitor: jdk.internal.org.objectweb.asm.AnnotationVisitor visitLocalVariableAnnotation(int,jdk.internal.org.objectweb.asm.TypePath,jdk.internal.org.objectweb.asm.Label[],jdk.internal.org.objectweb.asm.Label[],int[],java.lang.String,boolean)>/jdk.internal.org.objectweb.asm.MethodVisitor.visitLocalVariableAnnotation/0
<jdk.internal.org.objectweb.asm.MethodVisitor: void visitLineNumber(int,jdk.internal.org.objectweb.asm.Label)>	<jdk.internal.org.objectweb.asm.MethodVisitor: void visitLineNumber(int,jdk.internal.org.objectweb.asm.Label)>/jdk.internal.org.objectweb.asm.MethodVisitor.visitLineNumber/0
<jdk.internal.org.objectweb.asm.MethodVisitor: void visitMaxs(int,int)>	<jdk.internal.org.objectweb.asm.MethodVisitor: void visitMaxs(int,int)>/jdk.internal.org.objectweb.asm.MethodVisitor.visitMaxs/0
<java.lang.ThreadGroup: void setMaxPriority(int)>	<java.lang.ThreadGroup: void setMaxPriority(int)>/java.lang.ThreadGroup.setMaxPriority/0
<java.lang.ThreadGroup: int enumerate(java.lang.Thread[],int,boolean)>	<java.lang.ThreadGroup: int enumerate(java.lang.Thread[],int,boolean)>/java.lang.ThreadGroup.enumerate/0
<java.lang.ThreadGroup: int enumerate(java.lang.ThreadGroup[],int,boolean)>	<java.lang.ThreadGroup: int enumerate(java.lang.ThreadGroup[],int,boolean)>/java.lang.ThreadGroup.enumerate/0
<java.lang.ThreadGroup: boolean stopOrSuspend(boolean)>	<java.lang.ThreadGroup: boolean stopOrSuspend(boolean)>/java.lang.ThreadGroup.stopOrSuspend/0
<org.mvel2.util.ASTBinaryTree: org.mvel2.util.ASTBinaryTree append(org.mvel2.ast.ASTNode)>	<org.mvel2.util.ASTBinaryTree: org.mvel2.util.ASTBinaryTree append(org.mvel2.ast.ASTNode)>/org.mvel2.util.ASTBinaryTree.append/0
<org.mvel2.util.ASTBinaryTree: java.lang.Class getReturnType(boolean)>	<org.mvel2.util.ASTBinaryTree: java.lang.Class getReturnType(boolean)>/org.mvel2.util.ASTBinaryTree.getReturnType/0
<org.mvel2.util.ASTBinaryTree: java.lang.Class getReturnType(boolean)>	<org.mvel2.util.ASTBinaryTree: java.lang.Class getReturnType(boolean)>/org.mvel2.util.ASTBinaryTree.getReturnType/1
<java.lang.ThreadGroup: void list(java.io.PrintStream,int)>	<java.lang.ThreadGroup: void list(java.io.PrintStream,int)>/java.lang.ThreadGroup.list/0
<org.mvel2.optimizers.impl.refl.nodes.FieldAccessorNH: java.lang.Object setValue(java.lang.Object,java.lang.Object,org.mvel2.integration.VariableResolverFactory,java.lang.Object)>	<org.mvel2.optimizers.impl.refl.nodes.FieldAccessorNH: java.lang.Object setValue(java.lang.Object,java.lang.Object,org.mvel2.integration.VariableResolverFactory,java.lang.Object)>/org.mvel2.optimizers.impl.refl.nodes.FieldAccessorNH.setValue/0
<sun.util.resources.LocaleData: boolean setSupplementary(java.lang.String,sun.util.resources.ParallelListResourceBundle)>	<sun.util.resources.LocaleData: boolean setSupplementary(java.lang.String,sun.util.resources.ParallelListResourceBundle)>/sun.util.resources.LocaleData.setSupplementary/0
<org.mvel2.asm.MethodVisitor: void visitParameter(java.lang.String,int)>	<org.mvel2.asm.MethodVisitor: void visitParameter(java.lang.String,int)>/org.mvel2.asm.MethodVisitor.visitParameter/0
<org.mvel2.asm.MethodVisitor: org.mvel2.asm.AnnotationVisitor visitAnnotation(java.lang.String,boolean)>	<org.mvel2.asm.MethodVisitor: org.mvel2.asm.AnnotationVisitor visitAnnotation(java.lang.String,boolean)>/org.mvel2.asm.MethodVisitor.visitAnnotation/0
<org.mvel2.asm.MethodVisitor: org.mvel2.asm.AnnotationVisitor visitTypeAnnotation(int,org.mvel2.asm.TypePath,java.lang.String,boolean)>	<org.mvel2.asm.MethodVisitor: org.mvel2.asm.AnnotationVisitor visitTypeAnnotation(int,org.mvel2.asm.TypePath,java.lang.String,boolean)>/org.mvel2.asm.MethodVisitor.visitTypeAnnotation/0
<org.mvel2.asm.MethodVisitor: void visitAnnotableParameterCount(int,boolean)>	<org.mvel2.asm.MethodVisitor: void visitAnnotableParameterCount(int,boolean)>/org.mvel2.asm.MethodVisitor.visitAnnotableParameterCount/0
<org.mvel2.asm.MethodVisitor: org.mvel2.asm.AnnotationVisitor visitParameterAnnotation(int,java.lang.String,boolean)>	<org.mvel2.asm.MethodVisitor: org.mvel2.asm.AnnotationVisitor visitParameterAnnotation(int,java.lang.String,boolean)>/org.mvel2.asm.MethodVisitor.visitParameterAnnotation/0
<org.mvel2.asm.MethodVisitor: void visitAttribute(org.mvel2.asm.Attribute)>	<org.mvel2.asm.MethodVisitor: void visitAttribute(org.mvel2.asm.Attribute)>/org.mvel2.asm.MethodVisitor.visitAttribute/0
<org.mvel2.asm.MethodVisitor: void visitFrame(int,int,java.lang.Object[],int,java.lang.Object[])>	<org.mvel2.asm.MethodVisitor: void visitFrame(int,int,java.lang.Object[],int,java.lang.Object[])>/org.mvel2.asm.MethodVisitor.visitFrame/0
<org.mvel2.asm.MethodVisitor: void visitInsn(int)>	<org.mvel2.asm.MethodVisitor: void visitInsn(int)>/org.mvel2.asm.MethodVisitor.visitInsn/0
<org.mvel2.asm.MethodVisitor: void visitIntInsn(int,int)>	<org.mvel2.asm.MethodVisitor: void visitIntInsn(int,int)>/org.mvel2.asm.MethodVisitor.visitIntInsn/0
<org.mvel2.asm.MethodVisitor: void visitVarInsn(int,int)>	<org.mvel2.asm.MethodVisitor: void visitVarInsn(int,int)>/org.mvel2.asm.MethodVisitor.visitVarInsn/0
<org.mvel2.asm.MethodVisitor: void visitTypeInsn(int,java.lang.String)>	<org.mvel2.asm.MethodVisitor: void visitTypeInsn(int,java.lang.String)>/org.mvel2.asm.MethodVisitor.visitTypeInsn/0
<org.mvel2.asm.MethodVisitor: void visitFieldInsn(int,java.lang.String,java.lang.String,java.lang.String)>	<org.mvel2.asm.MethodVisitor: void visitFieldInsn(int,java.lang.String,java.lang.String,java.lang.String)>/org.mvel2.asm.MethodVisitor.visitFieldInsn/0
<org.mvel2.asm.MethodVisitor: void visitMethodInsn(int,java.lang.String,java.lang.String,java.lang.String)>	<org.mvel2.asm.MethodVisitor: void visitMethodInsn(int,java.lang.String,java.lang.String,java.lang.String)>/org.mvel2.asm.MethodVisitor.visitMethodInsn/1
<org.mvel2.asm.MethodVisitor: void visitMethodInsn(int,java.lang.String,java.lang.String,java.lang.String,boolean)>	<org.mvel2.asm.MethodVisitor: void visitMethodInsn(int,java.lang.String,java.lang.String,java.lang.String,boolean)>/org.mvel2.asm.MethodVisitor.visitMethodInsn/1
<org.mvel2.asm.MethodVisitor: void visitInvokeDynamicInsn(java.lang.String,java.lang.String,org.mvel2.asm.Handle,java.lang.Object[])>	<org.mvel2.asm.MethodVisitor: void visitInvokeDynamicInsn(java.lang.String,java.lang.String,org.mvel2.asm.Handle,java.lang.Object[])>/org.mvel2.asm.MethodVisitor.visitInvokeDynamicInsn/0
<org.mvel2.asm.MethodVisitor: void visitJumpInsn(int,org.mvel2.asm.Label)>	<org.mvel2.asm.MethodVisitor: void visitJumpInsn(int,org.mvel2.asm.Label)>/org.mvel2.asm.MethodVisitor.visitJumpInsn/0
<org.mvel2.asm.MethodVisitor: void visitLabel(org.mvel2.asm.Label)>	<org.mvel2.asm.MethodVisitor: void visitLabel(org.mvel2.asm.Label)>/org.mvel2.asm.MethodVisitor.visitLabel/0
<org.mvel2.asm.MethodVisitor: void visitLdcInsn(java.lang.Object)>	<org.mvel2.asm.MethodVisitor: void visitLdcInsn(java.lang.Object)>/org.mvel2.asm.MethodVisitor.visitLdcInsn/0
<org.mvel2.asm.MethodVisitor: void visitIincInsn(int,int)>	<org.mvel2.asm.MethodVisitor: void visitIincInsn(int,int)>/org.mvel2.asm.MethodVisitor.visitIincInsn/0
<org.mvel2.asm.MethodVisitor: void visitTableSwitchInsn(int,int,org.mvel2.asm.Label,org.mvel2.asm.Label[])>	<org.mvel2.asm.MethodVisitor: void visitTableSwitchInsn(int,int,org.mvel2.asm.Label,org.mvel2.asm.Label[])>/org.mvel2.asm.MethodVisitor.visitTableSwitchInsn/0
<org.mvel2.asm.MethodVisitor: void visitLookupSwitchInsn(org.mvel2.asm.Label,int[],org.mvel2.asm.Label[])>	<org.mvel2.asm.MethodVisitor: void visitLookupSwitchInsn(org.mvel2.asm.Label,int[],org.mvel2.asm.Label[])>/org.mvel2.asm.MethodVisitor.visitLookupSwitchInsn/0
<org.mvel2.asm.MethodVisitor: void visitMultiANewArrayInsn(java.lang.String,int)>	<org.mvel2.asm.MethodVisitor: void visitMultiANewArrayInsn(java.lang.String,int)>/org.mvel2.asm.MethodVisitor.visitMultiANewArrayInsn/0
<org.mvel2.asm.MethodVisitor: org.mvel2.asm.AnnotationVisitor visitInsnAnnotation(int,org.mvel2.asm.TypePath,java.lang.String,boolean)>	<org.mvel2.asm.MethodVisitor: org.mvel2.asm.AnnotationVisitor visitInsnAnnotation(int,org.mvel2.asm.TypePath,java.lang.String,boolean)>/org.mvel2.asm.MethodVisitor.visitInsnAnnotation/0
<org.mvel2.asm.MethodVisitor: void visitTryCatchBlock(org.mvel2.asm.Label,org.mvel2.asm.Label,org.mvel2.asm.Label,java.lang.String)>	<org.mvel2.asm.MethodVisitor: void visitTryCatchBlock(org.mvel2.asm.Label,org.mvel2.asm.Label,org.mvel2.asm.Label,java.lang.String)>/org.mvel2.asm.MethodVisitor.visitTryCatchBlock/0
<org.mvel2.asm.MethodVisitor: org.mvel2.asm.AnnotationVisitor visitTryCatchAnnotation(int,org.mvel2.asm.TypePath,java.lang.String,boolean)>	<org.mvel2.asm.MethodVisitor: org.mvel2.asm.AnnotationVisitor visitTryCatchAnnotation(int,org.mvel2.asm.TypePath,java.lang.String,boolean)>/org.mvel2.asm.MethodVisitor.visitTryCatchAnnotation/0
<org.mvel2.asm.MethodVisitor: void visitLocalVariable(java.lang.String,java.lang.String,java.lang.String,org.mvel2.asm.Label,org.mvel2.asm.Label,int)>	<org.mvel2.asm.MethodVisitor: void visitLocalVariable(java.lang.String,java.lang.String,java.lang.String,org.mvel2.asm.Label,org.mvel2.asm.Label,int)>/org.mvel2.asm.MethodVisitor.visitLocalVariable/0
<org.mvel2.asm.MethodVisitor: org.mvel2.asm.AnnotationVisitor visitLocalVariableAnnotation(int,org.mvel2.asm.TypePath,org.mvel2.asm.Label[],org.mvel2.asm.Label[],int[],java.lang.String,boolean)>	<org.mvel2.asm.MethodVisitor: org.mvel2.asm.AnnotationVisitor visitLocalVariableAnnotation(int,org.mvel2.asm.TypePath,org.mvel2.asm.Label[],org.mvel2.asm.Label[],int[],java.lang.String,boolean)>/org.mvel2.asm.MethodVisitor.visitLocalVariableAnnotation/0
<org.mvel2.asm.MethodVisitor: void visitLineNumber(int,org.mvel2.asm.Label)>	<org.mvel2.asm.MethodVisitor: void visitLineNumber(int,org.mvel2.asm.Label)>/org.mvel2.asm.MethodVisitor.visitLineNumber/0
<org.mvel2.asm.MethodVisitor: void visitMaxs(int,int)>	<org.mvel2.asm.MethodVisitor: void visitMaxs(int,int)>/org.mvel2.asm.MethodVisitor.visitMaxs/0
<java.util.regex.Pattern$Curly: boolean match0(java.util.regex.Matcher,int,int,java.lang.CharSequence)>	<java.util.regex.Pattern$Curly: boolean match0(java.util.regex.Matcher,int,int,java.lang.CharSequence)>/java.util.regex.Pattern$Curly.match0/0
<java.util.regex.Pattern$Node: boolean study(java.util.regex.Pattern$TreeInfo)>	<java.util.regex.Pattern$Node: boolean study(java.util.regex.Pattern$TreeInfo)>/java.util.regex.Pattern$Node.study/0
<java.util.regex.Pattern: java.lang.String produceEquivalentAlternation(java.lang.String)>	<java.util.regex.Pattern: java.lang.String produceEquivalentAlternation(java.lang.String)>/java.util.regex.Pattern.produceEquivalentAlternation/0
<java.util.regex.Pattern: java.lang.String[] producePermutations(java.lang.String)>	<java.util.regex.Pattern: java.lang.String[] producePermutations(java.lang.String)>/java.util.regex.Pattern.producePermutations/0
<java.util.regex.Pattern: void printObjectTree(java.util.regex.Pattern$Node)>	<java.util.regex.Pattern: void printObjectTree(java.util.regex.Pattern$Node)>/java.util.regex.Pattern.printObjectTree/0
<java.util.regex.Pattern: void printObjectTree(java.util.regex.Pattern$Node)>	<java.util.regex.Pattern: void printObjectTree(java.util.regex.Pattern$Node)>/java.util.regex.Pattern.printObjectTree/1
<java.util.regex.Pattern: void printObjectTree(java.util.regex.Pattern$Node)>	<java.util.regex.Pattern: void printObjectTree(java.util.regex.Pattern$Node)>/java.util.regex.Pattern.printObjectTree/2
<java.util.regex.Pattern: void printObjectTree(java.util.regex.Pattern$Node)>	<java.util.regex.Pattern: void printObjectTree(java.util.regex.Pattern$Node)>/java.util.regex.Pattern.printObjectTree/3
<java.util.regex.Pattern: java.util.regex.Pattern$CharProperty clazz(boolean)>	<java.util.regex.Pattern: java.util.regex.Pattern$CharProperty clazz(boolean)>/java.util.regex.Pattern.clazz/0
<java.util.regex.Pattern: java.util.regex.Pattern$CharProperty clazz(boolean)>	<java.util.regex.Pattern: java.util.regex.Pattern$CharProperty clazz(boolean)>/java.util.regex.Pattern.clazz/1
<java.util.regex.Pattern: java.util.regex.Pattern$CharProperty clazz(boolean)>	<java.util.regex.Pattern: java.util.regex.Pattern$CharProperty clazz(boolean)>/java.util.regex.Pattern.clazz/2
<java.util.regex.Pattern: java.util.regex.Pattern$CharProperty clazz(boolean)>	<java.util.regex.Pattern: java.util.regex.Pattern$CharProperty clazz(boolean)>/java.util.regex.Pattern.clazz/3
<org.mvel2.optimizers.impl.refl.nodes.MethodAccessor: java.lang.Object getValue(java.lang.Object,java.lang.Object,org.mvel2.integration.VariableResolverFactory)>	<org.mvel2.optimizers.impl.refl.nodes.MethodAccessor: java.lang.Object getValue(java.lang.Object,java.lang.Object,org.mvel2.integration.VariableResolverFactory)>/org.mvel2.optimizers.impl.refl.nodes.MethodAccessor.getValue/0
<org.mvel2.optimizers.impl.refl.nodes.MethodAccessorNH: java.lang.Object getValue(java.lang.Object,java.lang.Object,org.mvel2.integration.VariableResolverFactory)>	<org.mvel2.optimizers.impl.refl.nodes.MethodAccessorNH: java.lang.Object getValue(java.lang.Object,java.lang.Object,org.mvel2.integration.VariableResolverFactory)>/org.mvel2.optimizers.impl.refl.nodes.MethodAccessorNH.getValue/0
<jdk.internal.org.objectweb.asm.AnnotationVisitor: void visit(java.lang.String,java.lang.Object)>	<jdk.internal.org.objectweb.asm.AnnotationVisitor: void visit(java.lang.String,java.lang.Object)>/jdk.internal.org.objectweb.asm.AnnotationVisitor.visit/0
<jdk.internal.org.objectweb.asm.AnnotationVisitor: void visitEnum(java.lang.String,java.lang.String,java.lang.String)>	<jdk.internal.org.objectweb.asm.AnnotationVisitor: void visitEnum(java.lang.String,java.lang.String,java.lang.String)>/jdk.internal.org.objectweb.asm.AnnotationVisitor.visitEnum/0
<jdk.internal.org.objectweb.asm.AnnotationVisitor: jdk.internal.org.objectweb.asm.AnnotationVisitor visitAnnotation(java.lang.String,java.lang.String)>	<jdk.internal.org.objectweb.asm.AnnotationVisitor: jdk.internal.org.objectweb.asm.AnnotationVisitor visitAnnotation(java.lang.String,java.lang.String)>/jdk.internal.org.objectweb.asm.AnnotationVisitor.visitAnnotation/0
<jdk.internal.org.objectweb.asm.AnnotationVisitor: jdk.internal.org.objectweb.asm.AnnotationVisitor visitArray(java.lang.String)>	<jdk.internal.org.objectweb.asm.AnnotationVisitor: jdk.internal.org.objectweb.asm.AnnotationVisitor visitArray(java.lang.String)>/jdk.internal.org.objectweb.asm.AnnotationVisitor.visitArray/0
<org.mvel2.optimizers.impl.refl.nodes.MethodAccessor: java.lang.Object executeOverrideTarget(java.lang.reflect.Method,java.lang.Object,java.lang.Object,org.mvel2.integration.VariableResolverFactory)>	<org.mvel2.optimizers.impl.refl.nodes.MethodAccessor: java.lang.Object executeOverrideTarget(java.lang.reflect.Method,java.lang.Object,java.lang.Object,org.mvel2.integration.VariableResolverFactory)>/org.mvel2.optimizers.impl.refl.nodes.MethodAccessor.executeOverrideTarget/0
<org.mvel2.optimizers.impl.refl.nodes.MethodAccessor: java.lang.Object setValue(java.lang.Object,java.lang.Object,org.mvel2.integration.VariableResolverFactory,java.lang.Object)>	<org.mvel2.optimizers.impl.refl.nodes.MethodAccessor: java.lang.Object setValue(java.lang.Object,java.lang.Object,org.mvel2.integration.VariableResolverFactory,java.lang.Object)>/org.mvel2.optimizers.impl.refl.nodes.MethodAccessor.setValue/0
<java.lang.reflect.Constructor: void setConstructorAccessor(sun.reflect.ConstructorAccessor)>	<java.lang.reflect.Constructor: void setConstructorAccessor(sun.reflect.ConstructorAccessor)>/java.lang.reflect.Constructor.setConstructorAccessor/0
<sun.misc.FDBigInteger: sun.misc.FDBigInteger big5powRec(int)>	<sun.misc.FDBigInteger: sun.misc.FDBigInteger big5powRec(int)>/sun.misc.FDBigInteger.big5powRec/0
<sun.misc.FDBigInteger: sun.misc.FDBigInteger big5powRec(int)>	<sun.misc.FDBigInteger: sun.misc.FDBigInteger big5powRec(int)>/sun.misc.FDBigInteger.big5powRec/1
<java.util.Properties: java.lang.String getProperty(java.lang.String)>	<java.util.Properties: java.lang.String getProperty(java.lang.String)>/java.util.Properties.getProperty/0
<java.time.format.DateTimeFormatterBuilder$PrefixTree: boolean add0(java.lang.String,java.lang.String)>	<java.time.format.DateTimeFormatterBuilder$PrefixTree: boolean add0(java.lang.String,java.lang.String)>/java.time.format.DateTimeFormatterBuilder$PrefixTree.add0/0
<java.util.Properties: void enumerate(java.util.Hashtable)>	<java.util.Properties: void enumerate(java.util.Hashtable)>/java.util.Properties.enumerate/0
<java.util.Properties: void enumerateStringProperties(java.util.Hashtable)>	<java.util.Properties: void enumerateStringProperties(java.util.Hashtable)>/java.util.Properties.enumerateStringProperties/0
<java.time.format.DateTimeFormatterBuilder$PrefixTree: java.lang.String match(java.lang.CharSequence,int,int)>	<java.time.format.DateTimeFormatterBuilder$PrefixTree: java.lang.String match(java.lang.CharSequence,int,int)>/java.time.format.DateTimeFormatterBuilder$PrefixTree.match/0
<java.time.format.DateTimeFormatterBuilder$PrefixTree: java.lang.String match(java.lang.CharSequence,java.text.ParsePosition)>	<java.time.format.DateTimeFormatterBuilder$PrefixTree: java.lang.String match(java.lang.CharSequence,java.text.ParsePosition)>/java.time.format.DateTimeFormatterBuilder$PrefixTree.match/0
<java.lang.reflect.Field: void setFieldAccessor(sun.reflect.FieldAccessor,boolean)>	<java.lang.reflect.Field: void setFieldAccessor(sun.reflect.FieldAccessor,boolean)>/java.lang.reflect.Field.setFieldAccessor/0
<java.util.concurrent.ConcurrentHashMap$TreeBin: boolean checkInvariants(java.util.concurrent.ConcurrentHashMap$TreeNode)>	<java.util.concurrent.ConcurrentHashMap$TreeBin: boolean checkInvariants(java.util.concurrent.ConcurrentHashMap$TreeNode)>/java.util.concurrent.ConcurrentHashMap$TreeBin.checkInvariants/0
<java.util.concurrent.ConcurrentHashMap$TreeBin: boolean checkInvariants(java.util.concurrent.ConcurrentHashMap$TreeNode)>	<java.util.concurrent.ConcurrentHashMap$TreeBin: boolean checkInvariants(java.util.concurrent.ConcurrentHashMap$TreeNode)>/java.util.concurrent.ConcurrentHashMap$TreeBin.checkInvariants/1
<java.util.Locale: java.lang.String[] composeList(java.text.MessageFormat,java.lang.String[])>	<java.util.Locale: java.lang.String[] composeList(java.text.MessageFormat,java.lang.String[])>/java.util.Locale.composeList/0
<sun.reflect.annotation.AnnotatedTypeFactory: sun.reflect.annotation.TypeAnnotation$LocationInfo addNesting(java.lang.reflect.Type,sun.reflect.annotation.TypeAnnotation$LocationInfo)>	<sun.reflect.annotation.AnnotatedTypeFactory: sun.reflect.annotation.TypeAnnotation$LocationInfo addNesting(java.lang.reflect.Type,sun.reflect.annotation.TypeAnnotation$LocationInfo)>/sun.reflect.annotation.AnnotatedTypeFactory.addNesting/0
<sun.reflect.annotation.AnnotatedTypeFactory: sun.reflect.annotation.TypeAnnotation$LocationInfo addNesting(java.lang.reflect.Type,sun.reflect.annotation.TypeAnnotation$LocationInfo)>	<sun.reflect.annotation.AnnotatedTypeFactory: sun.reflect.annotation.TypeAnnotation$LocationInfo addNesting(java.lang.reflect.Type,sun.reflect.annotation.TypeAnnotation$LocationInfo)>/sun.reflect.annotation.AnnotatedTypeFactory.addNesting/1
<sun.reflect.annotation.AnnotatedTypeFactory: sun.reflect.annotation.TypeAnnotation$LocationInfo addNesting(java.lang.reflect.Type,sun.reflect.annotation.TypeAnnotation$LocationInfo)>	<sun.reflect.annotation.AnnotatedTypeFactory: sun.reflect.annotation.TypeAnnotation$LocationInfo addNesting(java.lang.reflect.Type,sun.reflect.annotation.TypeAnnotation$LocationInfo)>/sun.reflect.annotation.AnnotatedTypeFactory.addNesting/2
<org.mvel2.asm.ClassVisitor: void visit(int,int,java.lang.String,java.lang.String,java.lang.String,java.lang.String[])>	<org.mvel2.asm.ClassVisitor: void visit(int,int,java.lang.String,java.lang.String,java.lang.String,java.lang.String[])>/org.mvel2.asm.ClassVisitor.visit/0
<org.mvel2.asm.ClassVisitor: void visitSource(java.lang.String,java.lang.String)>	<org.mvel2.asm.ClassVisitor: void visitSource(java.lang.String,java.lang.String)>/org.mvel2.asm.ClassVisitor.visitSource/0
<org.mvel2.asm.ClassVisitor: org.mvel2.asm.ModuleVisitor visitModule(java.lang.String,int,java.lang.String)>	<org.mvel2.asm.ClassVisitor: org.mvel2.asm.ModuleVisitor visitModule(java.lang.String,int,java.lang.String)>/org.mvel2.asm.ClassVisitor.visitModule/0
<org.mvel2.asm.ClassVisitor: void visitNestHost(java.lang.String)>	<org.mvel2.asm.ClassVisitor: void visitNestHost(java.lang.String)>/org.mvel2.asm.ClassVisitor.visitNestHost/0
<org.mvel2.asm.ClassVisitor: void visitOuterClass(java.lang.String,java.lang.String,java.lang.String)>	<org.mvel2.asm.ClassVisitor: void visitOuterClass(java.lang.String,java.lang.String,java.lang.String)>/org.mvel2.asm.ClassVisitor.visitOuterClass/0
<org.mvel2.asm.ClassVisitor: org.mvel2.asm.AnnotationVisitor visitAnnotation(java.lang.String,boolean)>	<org.mvel2.asm.ClassVisitor: org.mvel2.asm.AnnotationVisitor visitAnnotation(java.lang.String,boolean)>/org.mvel2.asm.ClassVisitor.visitAnnotation/0
<org.mvel2.asm.ClassVisitor: org.mvel2.asm.AnnotationVisitor visitTypeAnnotation(int,org.mvel2.asm.TypePath,java.lang.String,boolean)>	<org.mvel2.asm.ClassVisitor: org.mvel2.asm.AnnotationVisitor visitTypeAnnotation(int,org.mvel2.asm.TypePath,java.lang.String,boolean)>/org.mvel2.asm.ClassVisitor.visitTypeAnnotation/0
<org.mvel2.asm.ClassVisitor: void visitAttribute(org.mvel2.asm.Attribute)>	<org.mvel2.asm.ClassVisitor: void visitAttribute(org.mvel2.asm.Attribute)>/org.mvel2.asm.ClassVisitor.visitAttribute/0
<org.mvel2.asm.ClassVisitor: void visitNestMember(java.lang.String)>	<org.mvel2.asm.ClassVisitor: void visitNestMember(java.lang.String)>/org.mvel2.asm.ClassVisitor.visitNestMember/0
<org.mvel2.asm.ClassVisitor: void visitInnerClass(java.lang.String,java.lang.String,java.lang.String,int)>	<org.mvel2.asm.ClassVisitor: void visitInnerClass(java.lang.String,java.lang.String,java.lang.String,int)>/org.mvel2.asm.ClassVisitor.visitInnerClass/0
<org.mvel2.asm.ClassVisitor: org.mvel2.asm.FieldVisitor visitField(int,java.lang.String,java.lang.String,java.lang.String,java.lang.Object)>	<org.mvel2.asm.ClassVisitor: org.mvel2.asm.FieldVisitor visitField(int,java.lang.String,java.lang.String,java.lang.String,java.lang.Object)>/org.mvel2.asm.ClassVisitor.visitField/0
<org.mvel2.asm.ClassVisitor: org.mvel2.asm.MethodVisitor visitMethod(int,java.lang.String,java.lang.String,java.lang.String,java.lang.String[])>	<org.mvel2.asm.ClassVisitor: org.mvel2.asm.MethodVisitor visitMethod(int,java.lang.String,java.lang.String,java.lang.String,java.lang.String[])>/org.mvel2.asm.ClassVisitor.visitMethod/0
<sun.misc.URLClassPath$JarLoader: sun.misc.Resource getResource(java.lang.String,boolean,java.util.Set)>	<sun.misc.URLClassPath$JarLoader: sun.misc.Resource getResource(java.lang.String,boolean,java.util.Set)>/sun.misc.URLClassPath$JarLoader.getResource/0
<org.mvel2.util.ParseTools: int scoreInterface(java.lang.Class,java.lang.Class)>	<org.mvel2.util.ParseTools: int scoreInterface(java.lang.Class,java.lang.Class)>/org.mvel2.util.ParseTools.scoreInterface/0
<java.text.SimpleDateFormat: void zeroPaddingNumber(int,int,int,java.lang.StringBuffer)>	<java.text.SimpleDateFormat: void zeroPaddingNumber(int,int,int,java.lang.StringBuffer)>/java.text.SimpleDateFormat.zeroPaddingNumber/0
<org.mvel2.util.ParseTools: java.lang.reflect.Method determineActualTargetMethod(java.lang.Class,java.lang.reflect.Method)>	<org.mvel2.util.ParseTools: java.lang.reflect.Method determineActualTargetMethod(java.lang.Class,java.lang.reflect.Method)>/org.mvel2.util.ParseTools.determineActualTargetMethod/0
<org.mvel2.ast.InlineCollectionNode: java.lang.Object execGraph(java.lang.Object,java.lang.Class,java.lang.Object,org.mvel2.integration.VariableResolverFactory)>	<org.mvel2.ast.InlineCollectionNode: java.lang.Object execGraph(java.lang.Object,java.lang.Class,java.lang.Object,org.mvel2.integration.VariableResolverFactory)>/org.mvel2.ast.InlineCollectionNode.execGraph/0
<org.mvel2.ast.InlineCollectionNode: java.lang.Object execGraph(java.lang.Object,java.lang.Class,java.lang.Object,org.mvel2.integration.VariableResolverFactory)>	<org.mvel2.ast.InlineCollectionNode: java.lang.Object execGraph(java.lang.Object,java.lang.Class,java.lang.Object,org.mvel2.integration.VariableResolverFactory)>/org.mvel2.ast.InlineCollectionNode.execGraph/1
<org.mvel2.ast.InlineCollectionNode: java.lang.Object execGraph(java.lang.Object,java.lang.Class,java.lang.Object,org.mvel2.integration.VariableResolverFactory)>	<org.mvel2.ast.InlineCollectionNode: java.lang.Object execGraph(java.lang.Object,java.lang.Class,java.lang.Object,org.mvel2.integration.VariableResolverFactory)>/org.mvel2.ast.InlineCollectionNode.execGraph/2
<org.mvel2.ast.InlineCollectionNode: java.lang.Object execGraph(java.lang.Object,java.lang.Class,java.lang.Object,org.mvel2.integration.VariableResolverFactory)>	<org.mvel2.ast.InlineCollectionNode: java.lang.Object execGraph(java.lang.Object,java.lang.Class,java.lang.Object,org.mvel2.integration.VariableResolverFactory)>/org.mvel2.ast.InlineCollectionNode.execGraph/3
<sun.invoke.util.ValueConversions: java.lang.invoke.MethodHandle zeroConstantFunction(sun.invoke.util.Wrapper)>	<sun.invoke.util.ValueConversions: java.lang.invoke.MethodHandle zeroConstantFunction(sun.invoke.util.Wrapper)>/sun.invoke.util.ValueConversions.zeroConstantFunction/0
<sun.security.provider.SecureRandom: void engineNextBytes(byte[])>	<sun.security.provider.SecureRandom: void engineNextBytes(byte[])>/sun.security.provider.SecureRandom.engineNextBytes/0
<java.io.ObjectInputStream$HandleTable: void markException(int,java.lang.ClassNotFoundException)>	<java.io.ObjectInputStream$HandleTable: void markException(int,java.lang.ClassNotFoundException)>/java.io.ObjectInputStream$HandleTable.markException/0
<sun.reflect.misc.ReflectUtil: boolean isSuperInterface(java.lang.Class,java.lang.Class)>	<sun.reflect.misc.ReflectUtil: boolean isSuperInterface(java.lang.Class,java.lang.Class)>/sun.reflect.misc.ReflectUtil.isSuperInterface/0
<java.security.AccessControlContext: void checkPermission2(java.security.Permission)>	<java.security.AccessControlContext: void checkPermission2(java.security.Permission)>/java.security.AccessControlContext.checkPermission2/0
<java.security.AccessControlContext: void checkPermission2(java.security.Permission)>	<java.security.AccessControlContext: void checkPermission2(java.security.Permission)>/java.security.AccessControlContext.checkPermission2/1
<java.security.AccessControlContext: boolean equalLimitedContext(java.security.AccessControlContext)>	<java.security.AccessControlContext: boolean equalLimitedContext(java.security.AccessControlContext)>/java.security.AccessControlContext.equalLimitedContext/0
<java.net.SocketPermission: boolean inRange(int,int,int,int)>	<java.net.SocketPermission: boolean inRange(int,int,int,int)>/java.net.SocketPermission.inRange/0
<java.lang.ClassLoader: java.net.URL getResource(java.lang.String)>	<java.lang.ClassLoader: java.net.URL getResource(java.lang.String)>/java.lang.ClassLoader.getResource/0
<java.lang.ClassLoader: java.lang.Package getPackage(java.lang.String)>	<java.lang.ClassLoader: java.lang.Package getPackage(java.lang.String)>/java.lang.ClassLoader.getPackage/0
<jdk.internal.org.objectweb.asm.ClassVisitor: void visit(int,int,java.lang.String,java.lang.String,java.lang.String,java.lang.String[])>	<jdk.internal.org.objectweb.asm.ClassVisitor: void visit(int,int,java.lang.String,java.lang.String,java.lang.String,java.lang.String[])>/jdk.internal.org.objectweb.asm.ClassVisitor.visit/0
<jdk.internal.org.objectweb.asm.ClassVisitor: void visitSource(java.lang.String,java.lang.String)>	<jdk.internal.org.objectweb.asm.ClassVisitor: void visitSource(java.lang.String,java.lang.String)>/jdk.internal.org.objectweb.asm.ClassVisitor.visitSource/0
<jdk.internal.org.objectweb.asm.ClassVisitor: void visitOuterClass(java.lang.String,java.lang.String,java.lang.String)>	<jdk.internal.org.objectweb.asm.ClassVisitor: void visitOuterClass(java.lang.String,java.lang.String,java.lang.String)>/jdk.internal.org.objectweb.asm.ClassVisitor.visitOuterClass/0
<jdk.internal.org.objectweb.asm.ClassVisitor: jdk.internal.org.objectweb.asm.AnnotationVisitor visitAnnotation(java.lang.String,boolean)>	<jdk.internal.org.objectweb.asm.ClassVisitor: jdk.internal.org.objectweb.asm.AnnotationVisitor visitAnnotation(java.lang.String,boolean)>/jdk.internal.org.objectweb.asm.ClassVisitor.visitAnnotation/0
<jdk.internal.org.objectweb.asm.ClassVisitor: jdk.internal.org.objectweb.asm.AnnotationVisitor visitTypeAnnotation(int,jdk.internal.org.objectweb.asm.TypePath,java.lang.String,boolean)>	<jdk.internal.org.objectweb.asm.ClassVisitor: jdk.internal.org.objectweb.asm.AnnotationVisitor visitTypeAnnotation(int,jdk.internal.org.objectweb.asm.TypePath,java.lang.String,boolean)>/jdk.internal.org.objectweb.asm.ClassVisitor.visitTypeAnnotation/0
<jdk.internal.org.objectweb.asm.ClassVisitor: void visitAttribute(jdk.internal.org.objectweb.asm.Attribute)>	<jdk.internal.org.objectweb.asm.ClassVisitor: void visitAttribute(jdk.internal.org.objectweb.asm.Attribute)>/jdk.internal.org.objectweb.asm.ClassVisitor.visitAttribute/0
<jdk.internal.org.objectweb.asm.ClassVisitor: void visitInnerClass(java.lang.String,java.lang.String,java.lang.String,int)>	<jdk.internal.org.objectweb.asm.ClassVisitor: void visitInnerClass(java.lang.String,java.lang.String,java.lang.String,int)>/jdk.internal.org.objectweb.asm.ClassVisitor.visitInnerClass/0
<jdk.internal.org.objectweb.asm.ClassVisitor: jdk.internal.org.objectweb.asm.FieldVisitor visitField(int,java.lang.String,java.lang.String,java.lang.String,java.lang.Object)>	<jdk.internal.org.objectweb.asm.ClassVisitor: jdk.internal.org.objectweb.asm.FieldVisitor visitField(int,java.lang.String,java.lang.String,java.lang.String,java.lang.Object)>/jdk.internal.org.objectweb.asm.ClassVisitor.visitField/0
<jdk.internal.org.objectweb.asm.ClassVisitor: jdk.internal.org.objectweb.asm.MethodVisitor visitMethod(int,java.lang.String,java.lang.String,java.lang.String,java.lang.String[])>	<jdk.internal.org.objectweb.asm.ClassVisitor: jdk.internal.org.objectweb.asm.MethodVisitor visitMethod(int,java.lang.String,java.lang.String,java.lang.String,java.lang.String[])>/jdk.internal.org.objectweb.asm.ClassVisitor.visitMethod/0
<sun.reflect.annotation.AnnotationParser: java.lang.Class toClass(java.lang.reflect.Type)>	<sun.reflect.annotation.AnnotationParser: java.lang.Class toClass(java.lang.reflect.Type)>/sun.reflect.annotation.AnnotationParser.toClass/0
<java.lang.Class: java.lang.Class toClass(java.lang.reflect.Type)>	<java.lang.Class: java.lang.Class toClass(java.lang.reflect.Type)>/java.lang.Class.toClass/0
<java.lang.Class: java.lang.reflect.Field[] privateGetPublicFields(java.util.Set)>	<java.lang.Class: java.lang.reflect.Field[] privateGetPublicFields(java.util.Set)>/java.lang.Class.privateGetPublicFields/0
<java.lang.Class: java.lang.reflect.Field[] privateGetPublicFields(java.util.Set)>	<java.lang.Class: java.lang.reflect.Field[] privateGetPublicFields(java.util.Set)>/java.lang.Class.privateGetPublicFields/1
<java.util.HashMap$TreeNode: java.util.HashMap$TreeNode find(int,java.lang.Object,java.lang.Class)>	<java.util.HashMap$TreeNode: java.util.HashMap$TreeNode find(int,java.lang.Object,java.lang.Class)>/java.util.HashMap$TreeNode.find/0
<java.util.HashMap$TreeNode: boolean checkInvariants(java.util.HashMap$TreeNode)>	<java.util.HashMap$TreeNode: boolean checkInvariants(java.util.HashMap$TreeNode)>/java.util.HashMap$TreeNode.checkInvariants/0
<java.util.HashMap$TreeNode: boolean checkInvariants(java.util.HashMap$TreeNode)>	<java.util.HashMap$TreeNode: boolean checkInvariants(java.util.HashMap$TreeNode)>/java.util.HashMap$TreeNode.checkInvariants/1
<java.util.regex.Pattern$GroupCurly: boolean match0(java.util.regex.Matcher,int,int,java.lang.CharSequence)>	<java.util.regex.Pattern$GroupCurly: boolean match0(java.util.regex.Matcher,int,int,java.lang.CharSequence)>/java.util.regex.Pattern$GroupCurly.match0/0
<java.text.DecimalFormat: boolean subparse(java.lang.String,java.text.ParsePosition,java.lang.String,java.lang.String,java.text.DigitList,boolean,boolean[])>	<java.text.DecimalFormat: boolean subparse(java.lang.String,java.text.ParsePosition,java.lang.String,java.lang.String,java.text.DigitList,boolean,boolean[])>/java.text.DecimalFormat.subparse/0
<org.mvel2.asm.Handler: org.mvel2.asm.Handler removeRange(org.mvel2.asm.Handler,org.mvel2.asm.Label,org.mvel2.asm.Label)>	<org.mvel2.asm.Handler: org.mvel2.asm.Handler removeRange(org.mvel2.asm.Handler,org.mvel2.asm.Label,org.mvel2.asm.Label)>/org.mvel2.asm.Handler.removeRange/0
<java.util.GregorianCalendar: int getActualMaximum(int)>	<java.util.GregorianCalendar: int getActualMaximum(int)>/java.util.GregorianCalendar.getActualMaximum/0
<java.text.RBTableBuilder: void addContractOrder(java.lang.String,int,boolean)>	<java.text.RBTableBuilder: void addContractOrder(java.lang.String,int,boolean)>/java.text.RBTableBuilder.addContractOrder/0
<org.mvel2.asm.ModuleVisitor: void visitMainClass(java.lang.String)>	<org.mvel2.asm.ModuleVisitor: void visitMainClass(java.lang.String)>/org.mvel2.asm.ModuleVisitor.visitMainClass/0
<org.mvel2.asm.ModuleVisitor: void visitPackage(java.lang.String)>	<org.mvel2.asm.ModuleVisitor: void visitPackage(java.lang.String)>/org.mvel2.asm.ModuleVisitor.visitPackage/0
<org.mvel2.asm.ModuleVisitor: void visitRequire(java.lang.String,int,java.lang.String)>	<org.mvel2.asm.ModuleVisitor: void visitRequire(java.lang.String,int,java.lang.String)>/org.mvel2.asm.ModuleVisitor.visitRequire/0
<org.mvel2.asm.ModuleVisitor: void visitExport(java.lang.String,int,java.lang.String[])>	<org.mvel2.asm.ModuleVisitor: void visitExport(java.lang.String,int,java.lang.String[])>/org.mvel2.asm.ModuleVisitor.visitExport/0
<org.mvel2.asm.ModuleVisitor: void visitOpen(java.lang.String,int,java.lang.String[])>	<org.mvel2.asm.ModuleVisitor: void visitOpen(java.lang.String,int,java.lang.String[])>/org.mvel2.asm.ModuleVisitor.visitOpen/0
<org.mvel2.asm.ModuleVisitor: void visitUse(java.lang.String)>	<org.mvel2.asm.ModuleVisitor: void visitUse(java.lang.String)>/org.mvel2.asm.ModuleVisitor.visitUse/0
<org.mvel2.asm.ModuleVisitor: void visitProvide(java.lang.String,java.lang.String[])>	<org.mvel2.asm.ModuleVisitor: void visitProvide(java.lang.String,java.lang.String[])>/org.mvel2.asm.ModuleVisitor.visitProvide/0
<java.math.BigInteger: void toString(java.math.BigInteger,java.lang.StringBuilder,int,int)>	<java.math.BigInteger: void toString(java.math.BigInteger,java.lang.StringBuilder,int,int)>/java.math.BigInteger.toString/0
<java.math.BigInteger: void toString(java.math.BigInteger,java.lang.StringBuilder,int,int)>	<java.math.BigInteger: void toString(java.math.BigInteger,java.lang.StringBuilder,int,int)>/java.math.BigInteger.toString/1
<sun.invoke.util.BytecodeDescriptor: java.lang.Class parseSig(java.lang.String,int[],int,java.lang.ClassLoader)>	<sun.invoke.util.BytecodeDescriptor: java.lang.Class parseSig(java.lang.String,int[],int,java.lang.ClassLoader)>/sun.invoke.util.BytecodeDescriptor.parseSig/0
<org.mvel2.debug.DebugTools: java.lang.String decompile(org.mvel2.compiler.CompiledExpression,boolean,org.mvel2.debug.DebugTools$DecompileContext)>	<org.mvel2.debug.DebugTools: java.lang.String decompile(org.mvel2.compiler.CompiledExpression,boolean,org.mvel2.debug.DebugTools$DecompileContext)>/org.mvel2.debug.DebugTools.decompile/0
<org.mvel2.debug.DebugTools: java.lang.String decompile(org.mvel2.compiler.CompiledExpression,boolean,org.mvel2.debug.DebugTools$DecompileContext)>	<org.mvel2.debug.DebugTools: java.lang.String decompile(org.mvel2.compiler.CompiledExpression,boolean,org.mvel2.debug.DebugTools$DecompileContext)>/org.mvel2.debug.DebugTools.decompile/1
<java.util.Arrays: void mergeSort(java.lang.Object[],java.lang.Object[],int,int,int)>	<java.util.Arrays: void mergeSort(java.lang.Object[],java.lang.Object[],int,int,int)>/java.util.Arrays.mergeSort/0
<java.util.Arrays: void mergeSort(java.lang.Object[],java.lang.Object[],int,int,int)>	<java.util.Arrays: void mergeSort(java.lang.Object[],java.lang.Object[],int,int,int)>/java.util.Arrays.mergeSort/1
<java.util.Arrays: void mergeSort(java.lang.Object[],java.lang.Object[],int,int,int,java.util.Comparator)>	<java.util.Arrays: void mergeSort(java.lang.Object[],java.lang.Object[],int,int,int,java.util.Comparator)>/java.util.Arrays.mergeSort/0
<java.util.Arrays: void mergeSort(java.lang.Object[],java.lang.Object[],int,int,int,java.util.Comparator)>	<java.util.Arrays: void mergeSort(java.lang.Object[],java.lang.Object[],int,int,int,java.util.Comparator)>/java.util.Arrays.mergeSort/1
<java.util.Arrays: int deepHashCode(java.lang.Object[])>	<java.util.Arrays: int deepHashCode(java.lang.Object[])>/java.util.Arrays.deepHashCode/0
<org.mvel2.optimizers.impl.asm.ASMAccessorOptimizer: int _getAccessor(java.lang.Object,java.lang.Class)>	<org.mvel2.optimizers.impl.asm.ASMAccessorOptimizer: int _getAccessor(java.lang.Object,java.lang.Class)>/org.mvel2.optimizers.impl.asm.ASMAccessorOptimizer._getAccessor/0
<org.mvel2.optimizers.impl.asm.ASMAccessorOptimizer: int _getAccessor(java.lang.Object,java.lang.Class)>	<org.mvel2.optimizers.impl.asm.ASMAccessorOptimizer: int _getAccessor(java.lang.Object,java.lang.Class)>/org.mvel2.optimizers.impl.asm.ASMAccessorOptimizer._getAccessor/1
<org.mvel2.optimizers.impl.asm.ASMAccessorOptimizer: int _getAccessor(java.lang.Object,java.lang.Class)>	<org.mvel2.optimizers.impl.asm.ASMAccessorOptimizer: int _getAccessor(java.lang.Object,java.lang.Class)>/org.mvel2.optimizers.impl.asm.ASMAccessorOptimizer._getAccessor/2
<org.mvel2.optimizers.impl.asm.ASMAccessorOptimizer: int _getAccessor(java.lang.Object,java.lang.Class)>	<org.mvel2.optimizers.impl.asm.ASMAccessorOptimizer: int _getAccessor(java.lang.Object,java.lang.Class)>/org.mvel2.optimizers.impl.asm.ASMAccessorOptimizer._getAccessor/3
<java.util.Arrays: void deepToString(java.lang.Object[],java.lang.StringBuilder,java.util.Set)>	<java.util.Arrays: void deepToString(java.lang.Object[],java.lang.StringBuilder,java.util.Set)>/java.util.Arrays.deepToString/0
<java.util.ResourceBundle: java.lang.Object getObject(java.lang.String)>	<java.util.ResourceBundle: java.lang.Object getObject(java.lang.String)>/java.util.ResourceBundle.getObject/0
<java.util.ResourceBundle: java.util.ResourceBundle findBundle(java.util.ResourceBundle$CacheKey,java.util.List,java.util.List,int,java.util.ResourceBundle$Control,java.util.ResourceBundle)>	<java.util.ResourceBundle: java.util.ResourceBundle findBundle(java.util.ResourceBundle$CacheKey,java.util.List,java.util.List,int,java.util.ResourceBundle$Control,java.util.ResourceBundle)>/java.util.ResourceBundle.findBundle/0
<org.mvel2.compiler.ExpressionCompiler: org.mvel2.compiler.CompiledExpression _compile()>	<org.mvel2.compiler.ExpressionCompiler: org.mvel2.compiler.CompiledExpression _compile()>/org.mvel2.compiler.ExpressionCompiler._compile/0
<java.io.PrintWriter: boolean checkError()>	<java.io.PrintWriter: boolean checkError()>/java.io.PrintWriter.checkError/0
<jdk.internal.org.objectweb.asm.FieldVisitor: void visitEnd()>	<jdk.internal.org.objectweb.asm.FieldVisitor: void visitEnd()>/jdk.internal.org.objectweb.asm.FieldVisitor.visitEnd/0
<java.lang.reflect.Executable: java.util.Map declaredAnnotations()>	<java.lang.reflect.Executable: java.util.Map declaredAnnotations()>/java.lang.reflect.Executable.declaredAnnotations/0
<java.io.PrintStream: boolean checkError()>	<java.io.PrintStream: boolean checkError()>/java.io.PrintStream.checkError/0
<org.mvel2.asm.AnnotationVisitor: void visitEnd()>	<org.mvel2.asm.AnnotationVisitor: void visitEnd()>/org.mvel2.asm.AnnotationVisitor.visitEnd/0
<org.mvel2.asm.FieldVisitor: void visitEnd()>	<org.mvel2.asm.FieldVisitor: void visitEnd()>/org.mvel2.asm.FieldVisitor.visitEnd/0
<sun.net.www.MessageHeader$HeaderIterator: java.lang.String next()>	<sun.net.www.MessageHeader$HeaderIterator: java.lang.String next()>/sun.net.www.MessageHeader$HeaderIterator.next/0
<jdk.internal.org.objectweb.asm.ClassWriter: byte[] toByteArray()>	<jdk.internal.org.objectweb.asm.ClassWriter: byte[] toByteArray()>/jdk.internal.org.objectweb.asm.ClassWriter.toByteArray/0
<jdk.internal.org.objectweb.asm.MethodVisitor: jdk.internal.org.objectweb.asm.AnnotationVisitor visitAnnotationDefault()>	<jdk.internal.org.objectweb.asm.MethodVisitor: jdk.internal.org.objectweb.asm.AnnotationVisitor visitAnnotationDefault()>/jdk.internal.org.objectweb.asm.MethodVisitor.visitAnnotationDefault/0
<jdk.internal.org.objectweb.asm.MethodVisitor: void visitCode()>	<jdk.internal.org.objectweb.asm.MethodVisitor: void visitCode()>/jdk.internal.org.objectweb.asm.MethodVisitor.visitCode/0
<jdk.internal.org.objectweb.asm.MethodVisitor: void visitEnd()>	<jdk.internal.org.objectweb.asm.MethodVisitor: void visitEnd()>/jdk.internal.org.objectweb.asm.MethodVisitor.visitEnd/0
<java.lang.ThreadGroup: int activeCount()>	<java.lang.ThreadGroup: int activeCount()>/java.lang.ThreadGroup.activeCount/0
<java.lang.ThreadGroup: int activeGroupCount()>	<java.lang.ThreadGroup: int activeGroupCount()>/java.lang.ThreadGroup.activeGroupCount/0
<java.lang.ThreadGroup: void interrupt()>	<java.lang.ThreadGroup: void interrupt()>/java.lang.ThreadGroup.interrupt/0
<java.lang.ThreadGroup: void resume()>	<java.lang.ThreadGroup: void resume()>/java.lang.ThreadGroup.resume/0
<java.lang.ThreadGroup: void destroy()>	<java.lang.ThreadGroup: void destroy()>/java.lang.ThreadGroup.destroy/0
<org.mvel2.compiler.AbstractParser: org.mvel2.ast.ASTNode nextToken()>	<org.mvel2.compiler.AbstractParser: org.mvel2.ast.ASTNode nextToken()>/org.mvel2.compiler.AbstractParser.nextToken/0
<org.mvel2.compiler.AbstractParser: org.mvel2.ast.ASTNode nextToken()>	<org.mvel2.compiler.AbstractParser: org.mvel2.ast.ASTNode nextToken()>/org.mvel2.compiler.AbstractParser.nextToken/1
<org.mvel2.compiler.AbstractParser: org.mvel2.ast.ASTNode nextToken()>	<org.mvel2.compiler.AbstractParser: org.mvel2.ast.ASTNode nextToken()>/org.mvel2.compiler.AbstractParser.nextToken/2
<org.mvel2.compiler.AbstractParser: org.mvel2.ast.ASTNode nextToken()>	<org.mvel2.compiler.AbstractParser: org.mvel2.ast.ASTNode nextToken()>/org.mvel2.compiler.AbstractParser.nextToken/3
<sun.security.util.DerIndefLenConverter: void writeTag()>	<sun.security.util.DerIndefLenConverter: void writeTag()>/sun.security.util.DerIndefLenConverter.writeTag/0
<org.mvel2.asm.MethodVisitor: org.mvel2.asm.AnnotationVisitor visitAnnotationDefault()>	<org.mvel2.asm.MethodVisitor: org.mvel2.asm.AnnotationVisitor visitAnnotationDefault()>/org.mvel2.asm.MethodVisitor.visitAnnotationDefault/0
<org.mvel2.asm.MethodVisitor: void visitCode()>	<org.mvel2.asm.MethodVisitor: void visitCode()>/org.mvel2.asm.MethodVisitor.visitCode/0
<org.mvel2.asm.MethodVisitor: void visitEnd()>	<org.mvel2.asm.MethodVisitor: void visitEnd()>/org.mvel2.asm.MethodVisitor.visitEnd/0
<jdk.internal.org.objectweb.asm.AnnotationVisitor: void visitEnd()>	<jdk.internal.org.objectweb.asm.AnnotationVisitor: void visitEnd()>/jdk.internal.org.objectweb.asm.AnnotationVisitor.visitEnd/0
<sun.security.x509.AlgorithmId: java.lang.String getName()>	<sun.security.x509.AlgorithmId: java.lang.String getName()>/sun.security.x509.AlgorithmId.getName/0
<java.time.format.DateTimeFormatterBuilder$PrefixTree: java.time.format.DateTimeFormatterBuilder$PrefixTree copyTree()>	<java.time.format.DateTimeFormatterBuilder$PrefixTree: java.time.format.DateTimeFormatterBuilder$PrefixTree copyTree()>/java.time.format.DateTimeFormatterBuilder$PrefixTree.copyTree/0
<java.time.format.DateTimeFormatterBuilder$PrefixTree: java.time.format.DateTimeFormatterBuilder$PrefixTree copyTree()>	<java.time.format.DateTimeFormatterBuilder$PrefixTree: java.time.format.DateTimeFormatterBuilder$PrefixTree copyTree()>/java.time.format.DateTimeFormatterBuilder$PrefixTree.copyTree/1
<java.lang.reflect.Field: java.util.Map declaredAnnotations()>	<java.lang.reflect.Field: java.util.Map declaredAnnotations()>/java.lang.reflect.Field.declaredAnnotations/0
<java.util.Hashtable$Entry: java.lang.Object clone()>	<java.util.Hashtable$Entry: java.lang.Object clone()>/java.util.Hashtable$Entry.clone/0
<org.mvel2.asm.ClassVisitor: void visitEnd()>	<org.mvel2.asm.ClassVisitor: void visitEnd()>/org.mvel2.asm.ClassVisitor.visitEnd/0
<java.lang.invoke.Invokers: java.lang.invoke.MethodHandle basicInvoker()>	<java.lang.invoke.Invokers: java.lang.invoke.MethodHandle basicInvoker()>/java.lang.invoke.Invokers.basicInvoker/0
<java.lang.ClassLoader: java.lang.Package[] getPackages()>	<java.lang.ClassLoader: java.lang.Package[] getPackages()>/java.lang.ClassLoader.getPackages/0
<jdk.internal.org.objectweb.asm.ClassVisitor: void visitEnd()>	<jdk.internal.org.objectweb.asm.ClassVisitor: void visitEnd()>/jdk.internal.org.objectweb.asm.ClassVisitor.visitEnd/0
<java.lang.Class: java.lang.String getSimpleName()>	<java.lang.Class: java.lang.String getSimpleName()>/java.lang.Class.getSimpleName/0
<java.lang.Class: java.lang.String getCanonicalName()>	<java.lang.Class: java.lang.String getCanonicalName()>/java.lang.Class.getCanonicalName/0
<java.lang.Class: java.lang.String getCanonicalName()>	<java.lang.Class: java.lang.String getCanonicalName()>/java.lang.Class.getCanonicalName/1
<java.lang.Class: java.lang.reflect.Method[] privateGetPublicMethods()>	<java.lang.Class: java.lang.reflect.Method[] privateGetPublicMethods()>/java.lang.Class.privateGetPublicMethods/0
<java.lang.Class: java.lang.reflect.Method[] privateGetPublicMethods()>	<java.lang.Class: java.lang.reflect.Method[] privateGetPublicMethods()>/java.lang.Class.privateGetPublicMethods/1
<org.mvel2.asm.Type: java.lang.String getClassName()>	<org.mvel2.asm.Type: java.lang.String getClassName()>/org.mvel2.asm.Type.getClassName/0
<java.io.File: boolean mkdirs()>	<java.io.File: boolean mkdirs()>/java.io.File.mkdirs/0
<org.mvel2.asm.ModuleVisitor: void visitEnd()>	<org.mvel2.asm.ModuleVisitor: void visitEnd()>/org.mvel2.asm.ModuleVisitor.visitEnd/0
<sun.security.ssl.KerberosClientKeyExchange: int messageLength()>	<sun.security.ssl.KerberosClientKeyExchange: int messageLength()>/sun.security.ssl.KerberosClientKeyExchange.messageLength/0
<sun.security.ssl.KerberosClientKeyExchange: byte[] getUnencryptedPreMasterSecret()>	<sun.security.ssl.KerberosClientKeyExchange: byte[] getUnencryptedPreMasterSecret()>/sun.security.ssl.KerberosClientKeyExchange.getUnencryptedPreMasterSecret/0
<sun.security.ssl.KerberosClientKeyExchange: java.security.Principal getPeerPrincipal()>	<sun.security.ssl.KerberosClientKeyExchange: java.security.Principal getPeerPrincipal()>/sun.security.ssl.KerberosClientKeyExchange.getPeerPrincipal/0
<sun.security.ssl.KerberosClientKeyExchange: java.security.Principal getLocalPrincipal()>	<sun.security.ssl.KerberosClientKeyExchange: java.security.Principal getLocalPrincipal()>/sun.security.ssl.KerberosClientKeyExchange.getLocalPrincipal/0
<jdk.internal.org.objectweb.asm.Type: java.lang.String getClassName()>	<jdk.internal.org.objectweb.asm.Type: java.lang.String getClassName()>/jdk.internal.org.objectweb.asm.Type.getClassName/0
